執行日期,科目名稱,摘要,受款單位, 金額 
112/01/09,國民及學前教育行政及督導,大額通報教補1月11日-非營利幼兒園111學年度學費差額補助第1期款,臺北市政府教育局,"316,295,952"
112/01/10,國民及學前教育行政及督導,112年度補助各地方政府置輔諮中心計畫經費,臺中市政府教育局,"997,101"
112/01/10,國民及學前教育行政及督導,112年度補助置專輔人員計畫經費,高雄市政府教育局,"29,172,000"
112/01/10,國民及學前教育行政及督導,112年度補助置專輔人員計畫經費,臺中市政府教育局,"28,841,000"
111/12/26,國民及學前教育行政及督導,111學年度下學期中央課程與教學輔導諮詢教師團隊代理代課費暨課程與教學補助經費第2期款,桃園市政府,"1,019,320"
112/01/10,國民及學前教育行政及督導,112年度補助各地方政府辦理新住民子女教育行政人力經費,臺北市政府教育局,"451,000"
112/01/10,國民及學前教育行政及督導,111學年度第1學期高級中等學校低收入戶及中低收入戶學生學雜費減免補助,臺中市政府教育局,"86,649"
112/01/10,國民及學前教育行政及督導,111學年度第1學期高級中等學校低收入戶及中低收入戶學生學雜費減免補助,桃園市政府,"3,558"
112/01/10,國民及學前教育行政及督導,111學年度第1學期高級中等學校特殊境遇家庭子女孫子女學雜費減免補助,臺中市政府教育局,"3,882"
112/01/10,國民及學前教育行政及督導,111學年度第1學期高級中等學校特殊境遇家庭子女孫子女學雜費減免補助,桃園市政府,"3,801"
112/01/10,國民及學前教育行政及督導,112年度高級中等學校學習歷程紀錄模組維運費,桃園市政府,"484,500"
112/01/10,國民及學前教育行政及督導,大額通報教補1月12日-非營利幼兒園111學年度學費差額補助第2期款,桃園市政府,"209,634,954"
112/01/10,國民及學前教育行政及督導,大額通報教補1月12日-非營利幼兒園111學年度學費差額補助第2期款,高雄市政府教育局,"320,977,308"
112/01/10,國民及學前教育行政及督導,大額通報教補1月12日-非營利幼兒園111學年度學費差額補助第2期款,臺中市政府教育局,"159,131,382"
112/01/12,國民及學前教育行政及督導,大額通報教補1月16日-111學年度我國少子女化對策計畫之各項幼生就學補助及育兒津貼等經費第3期款,臺南市政府教育局,"821,001,000"
112/01/12,國民及學前教育行政及督導,大額通報教補1月16日-非營利幼兒園111學年度學費差額補助第2期款,新北市政府教育局,"166,535,832"
112/01/12,國民及學前教育行政及督導,112年度第1梯次(111學年度第2學期)新住民子女職業技能精進計畫經費,臺中市政府教育局,"587,537"
112/01/12,國民及學前教育行政及督導,112年度新住民子女教育行政人力,桃園市政府,"473,000"
112/01/12,國民及學前教育行政及督導,112年度各地方政府設置學生輔導諮商中心,臺南市政府教育局,"693,428"
112/01/12,國民及學前教育行政及督導,112年度各地方政府設置學生輔導諮商中心,新北市政府教育局,"676,853"
112/01/12,國民及學前教育行政及督導,112年度各地方政府置專業輔導人員計畫,新北市政府教育局,"45,479,000"
112/01/12,國民及學前教育行政及督導,112年度各地方政府置專業輔導人員計畫,臺南市政府教育局,"18,326,000"
112/01/12,國民及學前教育行政及督導,112年1月至7月商借教師至國教署服務所需代理代課教師經費,臺北市政府教育局,"1,050,000"
112/01/12,國民及學前教育行政及督導,111學年度國民中小學學生學習扶助計畫第2期款,高雄市政府教育局,"37,120,309"
112/01/13,國民及學前教育行政及督導,112年桃園市政府承接教育部國、私立高級中等學校功能調整及業務移撥所需經費-1,桃園市政府,"9,000,000"
112/01/13,國民及學前教育行政及督導,111學年度技術型及綜合型高級中等學校十二年國民基本教育課程綱要前導學校工作計畫,高雄市政府教育局,"1,146,202"
112/01/13,國民及學前教育行政及督導,111學年度十二年國民基本教育課程綱要普通型前導學校計畫,高雄市政府教育局,"5,544,000"
112/01/13,國民及學前教育行政及督導,112年度新住民子女教育行政人力經費,臺南市政府教育局,"473,000"
112/01/13,國民及學前教育行政及督導,111學年度輔導教師人力運用計畫經費(第2期),臺南市政府教育局,"58,755"
112/01/13,國民及學前教育行政及督導,111學年度輔導教師人力運用計畫經費(第2期),臺南市政府教育局,"64,672,000"
112/01/13,國民及學前教育行政及督導,112年度補助置專輔人員計畫經費,桃園市政府,"22,814,000"
112/01/13,國民及學前教育行政及督導,112年度補助各地方政府置輔諮中心計畫經費(第1期),桃園市政府,"916,789"
112/01/13,國民及學前教育行政及督導,111學年度實施十二年國民基本教育課程預估新增鐘點費,臺南市政府教育局,"658,018"
112/01/13,國民及學前教育行政及督導,111學年度實施十二年國民基本教育課程預估新增鐘點費,高雄市政府教育局,"6,048,223"
112/01/16,國民及學前教育行政及督導,非營利幼兒園111學年度學費差額補助第2期款,臺南市政府教育局,"73,710,633"
112/01/16,國民及學前教育行政及督導,111學年度下學期中央課程與教學輔導諮詢教師團隊代理代課費暨課程與教學補助經費第2期款,臺北市政府教育局,"1,557,800"
112/01/16,國民及學前教育行政及督導,111學年度下學期中央課程與教學輔導諮詢教師團隊代理代課費暨課程與教學補助經費第2期款,臺南市政府教育局,"1,623,120"
112/01/16,國民及學前教育行政及督導,111學年度下學期中央課程與教學輔導諮詢教師團隊代理代課費暨課程與教學補助經費第2期款,臺中市政府教育局,"2,190,680"
112/01/16,國民及學前教育行政及督導,111學年度國民中學技藝教育課程競賽及成果展發表活動經費,新北市政府教育局,"1,350,000"
112/01/16,國民及學前教育行政及督導,112年度各地方政府置專業輔導人員計畫,臺北市政府教育局,"23,800,000"
112/01/16,國民及學前教育行政及督導,112年度僑生輔導經費,臺中市政府教育局,"126,360"
112/01/16,國民及學前教育行政及督導,112年度僑生輔導經費,高雄市政府教育局,"329,280"
112/01/16,國民及學前教育行政及督導,111學年度第1學期高級中等學校低收入戶及中低收入戶學生學雜費減免補助,桃園市政府,"370,283"
112/01/16,國民及學前教育行政及督導,111學年度第2學期高中優質化輔助方案,高雄市政府教育局,"9,136,900"
112/01/16,國民及學前教育行政及督導,111學年度第2學期高中優質化輔助方案,高雄市政府教育局,"3,525,000"
112/01/16,國民及學前教育行政及督導,111學年度第2學期高中優質化輔助方案,臺南市政府教育局,"1,349,500"
112/01/16,國民及學前教育行政及督導,111學年度第2學期高中優質化輔助方案,臺南市政府教育局,"1,038,000"
112/01/16,國民及學前教育行政及督導,112年度高級中等學校學習歷程紀錄模組維運費,臺南市政府教育局,"40,500"
112/01/16,國民及學前教育行政及督導,112年度地方政府暨轄屬學校執行強化校園安全防護工作,桃園市政府,"1,070,728"
112/01/16,國民及學前教育行政及督導,112年度地方政府暨轄屬學校執行強化校園安全防護工作,臺中市政府教育局,"1,235,086"
112/01/16,國民及學前教育行政及督導,大額通報教補1月18日-111學年度輔導教師人力運用計畫第2期款,新北市政府教育局,"122,858,184"
112/01/16,國民及學前教育行政及督導,大額通報教補1月18日-111學年度輔導教師人力運用計畫第2期款,臺中市政府教育局,"928,524"
112/01/16,國民及學前教育行政及督導,大額通報教補1月18日-111學年度輔導教師人力運用計畫第2期款,臺中市政府教育局,"106,777,600"
112/01/16,國民及學前教育行政及督導,大額通報教補1月18日-111學年度輔導教師人力運用計畫第2期款,高雄市政府教育局,"102,010,172"
112/01/16,國民及學前教育行政及督導,111學年度國民中小學本土教育整體推動方案第2期款,臺中市政府教育局,"2,417,712"
112/01/17,國民及學前教育行政及督導,大額通報教補1月19日-111學年度我國少子女化對策計畫之各項幼生就學補助及育兒津貼等經費第3期款,桃園市政府,"1,259,298,000"
112/01/17,國民及學前教育行政及督導,112年度機構安置高關懷學齡兒少就讀學校輔導工作計畫,高雄市政府教育局,"393,600"
112/01/17,國民及學前教育行政及督導,112年度反毒教育行動車入校宣導實施計畫,臺中市政府教育局,"257,985"
112/01/17,國民及學前教育行政及督導,112年度反毒教育行動車入校宣導實施計畫,高雄市政府教育局,"398,605"
112/01/17,國民及學前教育行政及督導,111學年度十二年國民基本教育課程綱要普通型前導學校計畫,桃園市政府,"2,555,525"
112/01/17,國民及學前教育行政及督導,111學年度十二年國民基本教育課程綱要普通型前導學校計畫,臺南市政府教育局,"1,848,000"
112/01/17,國民及學前教育行政及督導,112年度校園拒毒萌芽推廣實施計畫,臺中市政府教育局,"144,660"
112/01/17,國民及學前教育行政及督導,112年度校園拒毒萌芽推廣實施計畫,臺南市政府教育局,"173,624"
112/01/17,國民及學前教育行政及督導,大額通報教補1月19日-112年桃園市政府承接教育部國、私立高級中等學校功能調整及業務移撥所需經費-1,桃園市政府,"324,000,000"
112/01/17,國民及學前教育行政及督導,臺南考區112年國中教育會考試務籌辦計畫第1期款,臺南市政府教育局,"10,277,293"
112/01/17,國民及學前教育行政及督導,臺南考區112年國中教育會考試務籌辦計畫第1期款,臺南市政府教育局,"184,800"
112/01/17,國民及學前教育行政及督導,111學年度實施戶外教育與海洋教育計畫第2期款,臺中市政府教育局,"4,262,369"
112/01/17,國民及學前教育行政及督導,111學年度實施戶外教育與海洋教育計畫第2期款,臺中市政府教育局,"273,697"
112/01/17,國民及學前教育行政及督導,大額通報教補1月19日-111學年度我國少子女化對策計畫之各項幼生就學補助及育兒津貼等經費第3期款,臺中市政府教育局,"1,302,612,000"
112/01/18,國民及學前教育行政及督導,112年校園拒毒萌芽推廣實施計畫反毒活動經費,桃園市政府,"84,726"
112/01/18,國民及學前教育行政及督導,112年僑生生活輔導經費,新北市政府教育局,"351,720"
112/01/18,國民及學前教育行政及督導,112年度新住民子女職業技能精進計畫經費,桃園市政府,"294,120"
112/01/18,國民及學前教育行政及督導,112年校園拒毒萌芽推廣實施計畫反毒活動經費,高雄市政府教育局,"274,489"
112/01/18,國民及學前教育行政及督導,112年校園拒毒萌芽推廣實施計畫反毒活動經費,新北市政府教育局,"233,421"
112/01/18,國民及學前教育行政及督導,111學年度「允文允武」閱讀暨運動達人競賽經費,高雄市政府教育局,"370,000"
112/01/18,國民及學前教育行政及督導,110至111學年度區合作模式計畫第3期款,桃園市政府,"572,250"
112/01/18,國民及學前教育行政及督導,111學年度實施十二年國民基本教育課程預估新增鐘點費,桃園市政府,"8,198,346"
112/01/18,國民及學前教育行政及督導,111學年度實施十二年國民基本教育課程預估新增鐘點費,新北市政府教育局,"9,886,310"
112/01/18,國民及學前教育行政及督導,111學年度辦理非營利幼兒園相關業務經費第2期款,桃園市政府,"3,274,200"
112/01/18,國民及學前教育行政及督導,大額通報教補1月30日-111學年度我國少子女化對策計畫之各項幼生就學補助及育兒津貼等經費第3期款,新北市政府教育局,"1,549,995,000"
112/01/18,國民及學前教育行政及督導,大額通報教補1月30日-111學年度我國少子女化對策計畫之各項幼生就學補助及育兒津貼等經費第3期款,高雄市政府教育局,"1,234,329,000"
112/01/19,國民及學前教育行政及督導,111學年度準公共幼兒園招收2歲幼兒補助經費第2期款,新北市政府教育局,"15,750,000"
112/01/19,國民及學前教育行政及督導,蔡文國小111年度充實設施設備-校園前庭地坪及周邊環境整修工程第2期款,高雄市政府教育局,"1,346,900"
112/01/19,國民及學前教育行政及督導,111學年度國民中小學媒體素養教育基地學校計畫第2期款,高雄市政府教育局,"102,000"
112/01/19,國民及學前教育行政及督導,111學年度實施戶外教育與海洋教育計畫第2期款,新北市政府教育局,"4,808,335"
112/01/19,國民及學前教育行政及督導,111學年度實施戶外教育與海洋教育計畫第2期款,新北市政府教育局,"231,009"
112/01/19,國民及學前教育行政及督導,111學年度實施戶外教育與海洋教育計畫第2期款,高雄市政府教育局,"4,303,654"
112/01/19,國民及學前教育行政及督導,111學年度實施戶外教育與海洋教育計畫第2期款,高雄市政府教育局,"302,544"
112/01/19,國民及學前教育行政及督導,112年度國中畢業生適性入學到校宣導經費,新北市政府教育局,"274,400"
112/01/19,國民及學前教育行政及督導,112年度高級中等學校學習歷程紀錄模組維運費,新北市政府教育局,"174,500"
112/01/19,國民及學前教育行政及督導,111學年度下學期中央課程與教學輔導諮詢教師團隊代理代課費暨課程與教學補助經費第2期款,高雄市政府教育局,"2,459,400"
112/01/19,國民及學前教育行政及督導,112年1月至7月商借教師至國教署服務所需代理代課教師經費,桃園市政府,"350,000"
112/01/19,國民及學前教育行政及督導,111學年度國民中小學學生學習扶助計畫第2期款,臺中市政府教育局,"43,404,036"
112/01/19,國民及學前教育行政及督導,111學年度實施十二年國民基本教育課程預估新增鐘點費,臺中市政府教育局,"8,985,216"
112/01/03,國民及學前教育行政及督導,大額通報教補1月5日-111學年度我國少子女化對策計畫之各項幼生就學補助及育兒津貼等經費第3期款,新竹縣政府,"367,740,000"
112/01/05,國民及學前教育行政及督導,111學年度地方政府精進高級中等學校課程與教學計畫,基隆市政府,"2,180,997"
112/01/06,國民及學前教育行政及督導,大額通報教補1月9日-111學年度我國少子女化對策計畫之各項幼生就學補助及育兒津貼等經費第3期款,嘉義縣政府,"152,307,000"
112/01/06,國民及學前教育行政及督導,大額通報教補1月9日-111學年度我國少子女化對策計畫之各項幼生就學補助及育兒津貼等經費第3期款,南投縣政府,"193,230,000"
112/01/06,國民及學前教育行政及督導,大額通報教補1月9日-111學年度我國少子女化對策計畫之各項幼生就學補助及育兒津貼等經費第3期款,屏東縣政府,"298,692,000"
112/01/06,國民及學前教育行政及督導,大額通報教補1月9日-111學年度我國少子女化對策計畫之各項幼生就學補助及育兒津貼等經費第3期款,雲林縣政府,"268,953,000"
112/01/06,國民及學前教育行政及督導,112年度補助各地方政府辦理新住民子女教育行政人力經費,苗栗縣政府,"495,000"
112/01/07,國民及學前教育行政及督導,112年度新住民子女教育行政人力,新竹縣政府,"473,000"
112/01/07,國民及學前教育行政及督導,111學年度實施十二年國民基本教育課程預估新增鐘點費,臺東縣政府,"7,144"
112/01/07,國民及學前教育行政及督導,大額通報教補1月10日-111學年度我國少子女化對策計畫之各項幼生就學補助及育兒津貼等經費第3期款,基隆市政府,"106,380,000"
112/01/09,國民及學前教育行政及督導,非營利幼兒園111學年度學費差額補助第2期款,新竹縣政府,"33,242,910"
112/01/09,國民及學前教育行政及督導,大額通報教補1月11日-非營利幼兒園111學年度學費差額補助第1期款,雲林縣政府,"22,445,028"
112/01/09,國民及學前教育行政及督導,大額通報教補1月11日-非營利幼兒園111學年度學費差額補助第1期款,南投縣政府,"21,349,536"
112/01/09,國民及學前教育行政及督導,大額通報教補1月11日-非營利幼兒園111學年度學費差額補助第1期款,苗栗縣政府,"75,693,180"
112/01/09,國民及學前教育行政及督導,大額通報教補1月11日-非營利幼兒園111學年度學費差額補助第1期款,屏東縣政府,"74,405,088"
112/01/09,國民及學前教育行政及督導,大額通報教補1月11日-111學年度我國少子女化對策計畫之各項幼生就學補助及育兒津貼等經費第3期款,花蓮縣政府,"117,570,000"
112/01/09,國民及學前教育行政及督導,大額通報教補1月11日-111學年度我國少子女化對策計畫之各項幼生就學補助及育兒津貼等經費第3期款,彰化縣政府,"688,464,000"
112/01/09,國民及學前教育行政及督導,大額通報教補1月11日-111學年度我國少子女化對策計畫之各項幼生就學補助及育兒津貼等經費第3期款,苗栗縣政府,"231,462,000"
112/01/10,國民及學前教育行政及督導,112年度補助各地方政府置輔諮中心計畫經費,苗栗縣政府,"919,080"
112/01/10,國民及學前教育行政及督導,112年度補助各地方政府置輔諮中心計畫經費,彰化縣政府,"1,068,123"
112/01/10,國民及學前教育行政及督導,112年度補助各地方政府置輔諮中心計畫經費,雲林縣政府,"915,860"
112/01/10,國民及學前教育行政及督導,112年度補助各地方政府置輔諮中心計畫經費,屏東縣政府,"811,023"
112/01/10,國民及學前教育行政及督導,112年度補助置專輔人員計畫經費(第1期),彰化縣政府,"14,752,000"
112/01/10,國民及學前教育行政及督導,112年度補助置專輔人員計畫經費(第1期),嘉義市政府,"2,648,000"
112/01/10,國民及學前教育行政及督導,112年度補助置專輔人員計畫經費(第1期),宜蘭縣政府,"4,161,000"
112/01/10,國民及學前教育行政及督導,112年度補助置專輔人員計畫經費(第1期),雲林縣政府,"11,093,000"
112/01/10,國民及學前教育行政及督導,112年度補助置專輔人員計畫經費(第1期),屏東縣政府,"10,710,000"
111/12/26,國民及學前教育行政及督導,111學年度下學期中央課程與教學輔導諮詢教師團隊代理代課費暨課程與教學補助經費第2期款,基隆市政府,"115,720"
112/01/10,國民及學前教育行政及督導,112年度補助各地方政府辦理新住民子女教育行政人力經費,基隆市政府,"473,000"
112/01/10,國民及學前教育行政及督導,112年度補助各地方政府辦理新住民子女教育行政人力經費,彰化縣政府,"484,000"
112/01/10,國民及學前教育行政及督導,112年度高級中等學校學習歷程紀錄模組維運費,苗栗縣政府,"54,500"
112/01/10,國民及學前教育行政及督導,112年度高級中等學校學習歷程紀錄模組維運費,新竹縣政府教育局地方教育發展基金專戶,"12,000"
112/01/10,國民及學前教育行政及督導,112年度高級中等學校學習歷程紀錄模組維運費,彰化縣政府,"51,000"
112/01/10,國民及學前教育行政及督導,大額通報教補1月12日-111學年度我國少子女化對策計畫之各項幼生就學補助及育兒津貼等經費第3期款,宜蘭縣政府,"179,019,000"
112/01/10,國民及學前教育行政及督導,大額通報教補1月12日-111學年度我國少子女化對策計畫之各項幼生就學補助及育兒津貼等經費第3期款,新竹市政府,"280,632,000"
112/01/10,國民及學前教育行政及督導,大額通報教補1月12日-111學年度我國少子女化對策計畫之各項幼生就學補助及育兒津貼等經費第3期款,臺東縣政府,"75,000,000"
112/01/10,國民及學前教育行政及督導,111學年度科技教育推動總體計畫第2期款,宜蘭縣政府,"5,295,500"
112/01/10,國民及學前教育行政及督導,非營利幼兒園111學年度學費差額補助第2期款,基隆市政府,"44,588,688"
112/01/10,國民及學前教育行政及督導,非營利幼兒園111學年度學費差額補助第2期款,臺東縣政府,"11,269,662"
112/01/11,國民及學前教育行政及督導,大額通報教補1月13日-111學年度我國少子女化對策計畫之各項幼生就學補助及育兒津貼等經費第3期款,嘉義市政府,"122,529,000"
112/01/11,國民及學前教育行政及督導,111學年度科技教育推動總體計畫第2期款,基隆市政府,"4,049,500"
112/01/11,國民及學前教育行政及督導,臺東考區112年國中教育會考試務籌辦計畫第1期款,臺東縣政府,"774,360"
112/01/12,國民及學前教育行政及督導,111學年度離島3鄉3縣及原住民族地區辦理國民教育幼兒班專任巡迴輔導員及業務費第2期款,南投縣政府,"685,300"
112/01/12,國民及學前教育行政及督導,111學年度離島3鄉3縣及原住民族地區辦理國民教育幼兒班專任巡迴輔導員及業務費第2期款,南投縣政府,"195,800"
112/01/12,國民及學前教育行政及督導,111學年度實施戶外教育與海洋教育計畫第2期款,澎湖縣政府,"2,117,552"
112/01/12,國民及學前教育行政及督導,111學年度實施戶外教育與海洋教育計畫第2期款,澎湖縣政府,"100,440"
112/01/12,國民及學前教育行政及督導,111學年度實施戶外教育與海洋教育計畫第2期款,基隆市政府,"2,281,936"
112/01/12,國民及學前教育行政及督導,111學年度實施戶外教育與海洋教育計畫第2期款,基隆市政府,"142,739"
112/01/12,國民及學前教育行政及督導,112年度新住民子女教育行政人力,連江縣政府,"495,000"
112/01/12,國民及學前教育行政及督導,112年度各地方政府設置學生輔導諮商中心,宜蘭縣政府,"636,600"
112/01/12,國民及學前教育行政及督導,112年度各地方政府設置學生輔導諮商中心,新竹市政府,"586,608"
112/01/12,國民及學前教育行政及督導,112年度各地方政府設置學生輔導諮商中心,南投縣政府,"750,273"
112/01/12,國民及學前教育行政及督導,112年度各地方政府置專業輔導人員計畫,南投縣政府,"11,348,000"
112/01/12,國民及學前教育行政及督導,112年度各地方政府置專業輔導人員計畫,臺東縣政府,"8,415,000"
112/01/12,國民及學前教育行政及督導,112年度各地方政府置專業輔導人員計畫,苗栗縣政府,"9,180,000"
112/01/12,國民及學前教育行政及督導,112年度各地方政府置專業輔導人員計畫,新竹市政府,"5,984,000"
112/01/12,國民及學前教育行政及督導,112年度各地方政府置專業輔導人員計畫,連江縣政府,"2,295,000"
112/01/12,國民及學前教育行政及督導,112年1月至7月商借教師至國教署服務所需代理代課教師經費,新竹縣政府,"350,000"
112/01/12,國民及學前教育行政及督導,111學年度國民中小學學生學習扶助計畫第2期款,基隆市政府,"13,590,914"
112/01/13,國民及學前教育行政及督導,111學年度準公共幼兒園招收2歲幼兒補助經費第2期款,澎湖縣政府,"585,000"
112/01/13,國民及學前教育行政及督導,非營利幼兒園111學年度學費差額補助第2期款,嘉義市政府,"18,971,796"
112/01/13,國民及學前教育行政及督導,非營利幼兒園111學年度學費差額補助第2期款,嘉義縣政府,"19,127,244"
112/01/13,國民及學前教育行政及督導,111學年度我國少子女化對策計畫之各項幼生就學補助及育兒津貼等經費第3期款,金門縣政府,"28,050,000"
112/01/13,國民及學前教育行政及督導,111學年度我國少子女化對策計畫之各項幼生就學補助及育兒津貼等經費第3期款,澎湖縣政府,"41,037,000"
112/01/13,國民及學前教育行政及督導,112年度國際教育地方培力團(IELCG)任務學校經費,嘉義市政府,"264,000"
112/01/13,國民及學前教育行政及督導,112年度國際教育地方培力團(IELCG)任務學校經費,基隆市政府,"240,000"
112/01/13,國民及學前教育行政及督導,112年度新住民子女教育行政人力經費,宜蘭縣政府,"484,000"
112/01/13,國民及學前教育行政及督導,112年度新住民子女教育行政人力經費,澎湖縣政府,"495,000"
112/01/13,國民及學前教育行政及督導,112年度新住民子女教育行政人力經費,屏東縣政府,"495,000"
112/01/13,國民及學前教育行政及督導,112年度新住民子女教育行政人力經費,新竹市政府,"473,000"
112/01/13,國民及學前教育行政及督導,111學年度輔導教師人力運用計畫經費(第2期),臺東縣政府,"221,760"
112/01/13,國民及學前教育行政及督導,111學年度輔導教師人力運用計畫經費(第2期),臺東縣政府,"10,080,000"
112/01/13,國民及學前教育行政及督導,112年度補助各地方政府置輔諮中心計畫經費(第1期),基隆市政府,"715,835"
112/01/13,國民及學前教育行政及督導,112年度補助縣、市政府置專輔人員計畫經費(第1期),基隆市政府,"2,244,000"
112/01/13,國民及學前教育行政及督導,111學年度實施十二年國民基本教育課程預估新增鐘點費,基隆市政府,"407,323"
112/01/13,國民及學前教育行政及督導,111學年度實施十二年國民基本教育課程預估新增鐘點費,嘉義縣政府,"247,778"
112/01/13,國民及學前教育行政及督導,111學年度實施十二年國民基本教育課程預估新增鐘點費,南投縣政府,"105,813"
112/01/13,國民及學前教育行政及督導,111學年度實施十二年國民基本教育課程預估新增鐘點費,新竹縣政府,"280,052"
112/01/16,國民及學前教育行政及督導,大額通報教補1月18日-111學年度我國少子女化對策計畫之各項幼生就學補助及育兒津貼等經費第3期款,雲林縣政府,"179,302,000"
112/01/16,國民及學前教育行政及督導,非營利幼兒園111學年度學費差額補助第2期款,宜蘭縣政府,"33,515,192"
112/01/16,國民及學前教育行政及督導,111學年度實施戶外教育與海洋教育計畫第2期款,宜蘭縣政府,"2,732,260"
112/01/16,國民及學前教育行政及督導,111學年度實施戶外教育與海洋教育計畫第2期款,宜蘭縣政府,"174,512"
112/01/16,國民及學前教育行政及督導,中投考區112年國中教育會考試務籌辦計畫第1期款,南投縣政府,"6,687,378"
112/01/16,國民及學前教育行政及督導,111學年度國民中學技藝教育課程競賽及成果展發表活動經費,新竹市政府,"805,350"
112/01/16,國民及學前教育行政及督導,111學年度一般地區學校公立國民中學增置專長教師員額實施計畫第2期款,花蓮縣政府,"4,095,000"
112/01/16,國民及學前教育行政及督導,111學年度國民中小學學生學習扶助計畫第2期款,南投縣政府,"19,706,323"
112/01/16,國民及學前教育行政及督導,111學年度地方政府精進高級中等學校課程與教學計畫,新竹縣政府,"1,771,000"
112/01/16,國民及學前教育行政及督導,112年度新住民子女教育行政人力,雲林縣政府,"495,000"
112/01/16,國民及學前教育行政及督導,111學年度第2學期高中優質化輔助方案,屏東縣政府,"2,422,000"
112/01/16,國民及學前教育行政及督導,111學年度第2學期高中優質化輔助方案,屏東縣政府,"1,058,000"
112/01/16,國民及學前教育行政及督導,111學年度第2學期高中優質化輔助方案,嘉義縣政府,"1,248,000"
112/01/16,國民及學前教育行政及督導,111學年度第2學期高中優質化輔助方案,嘉義縣政府,"44,000"
112/01/16,國民及學前教育行政及督導,111學年度第2學期高中優質化輔助方案,雲林縣政府,"567,300"
112/01/16,國民及學前教育行政及督導,111學年度第2學期高中優質化輔助方案,雲林縣政府,"234,000"
112/01/16,國民及學前教育行政及督導,111學年度第2學期高中優質化輔助方案,新竹縣政府,"1,014,000"
112/01/16,國民及學前教育行政及督導,111學年度第2學期高中優質化輔助方案,新竹縣政府,"517,000"
112/01/16,國民及學前教育行政及督導,112年度高級中等學校學習歷程紀錄模組維運費,南投縣政府,"13,500"
112/01/16,國民及學前教育行政及督導,112年度地方政府暨轄屬學校執行強化校園安全防護工作,宜蘭縣政府,"724,130"
112/01/16,國民及學前教育行政及督導,112年度地方政府暨轄屬學校執行強化校園安全防護工作,臺東縣政府,"1,371,436"
112/01/16,國民及學前教育行政及督導,111學年度國民中小學本土教育整體推動方案第2期款,屏東縣政府,"2,400,776"
112/01/17,國民及學前教育行政及督導,商借苗栗國中教師陳婉柔所需聘任代理代課教師經費,苗栗縣政府,"468,216"
112/01/17,國民及學前教育行政及督導,112年度反毒教育行動車入校宣導實施計畫,彰化縣政府,"266,016"
112/01/17,國民及學前教育行政及督導,112年度各地方政府置專業輔導人員計畫,嘉義縣政府,"8,415,000"
112/01/17,國民及學前教育行政及督導,112年度各地方政府置專業輔導人員計畫,澎湖縣政府,"3,902,000"
112/01/17,國民及學前教育行政及督導,111學年度輔導教師人力運用計畫第2期款,雲林縣政府,"1,149,209"
112/01/17,國民及學前教育行政及督導,111學年度輔導教師人力運用計畫第2期款,苗栗縣政府,"25,769,376"
112/01/17,國民及學前教育行政及督導,111學年度輔導教師人力運用計畫第2期款,雲林縣政府,"19,571,200"
112/01/17,國民及學前教育行政及督導,111學年度輔導教師人力運用計畫第2期款,彰化縣政府,"38,202,982"
112/01/17,國民及學前教育行政及督導,111學年度輔導教師人力運用計畫第2期款,南投縣政府,"19,823,513"
112/01/17,國民及學前教育行政及督導,111學年度輔導教師人力運用計畫第2期款,澎湖縣政府,"104,832"
112/01/17,國民及學前教育行政及督導,111學年度輔導教師人力運用計畫第2期款,澎湖縣政府,"5,328,000"
112/01/17,國民及學前教育行政及督導,111學年度地方政府精進高級中等學校課程與教學計畫,苗栗縣政府,"1,890,000"
112/01/17,國民及學前教育行政及督導,112年度校園拒毒萌芽推廣實施計畫,連江縣政府,"84,105"
112/01/17,國民及學前教育行政及督導,112年度校園拒毒萌芽推廣實施計畫,新竹市政府,"145,798"
112/01/17,國民及學前教育行政及督導,112年度校園拒毒萌芽推廣實施計畫,嘉義市政府,"99,804"
112/01/17,國民及學前教育行政及督導,112年度校園拒毒萌芽推廣實施計畫,臺東縣政府,"33,642"
112/01/17,國民及學前教育行政及督導,馬祖考區112年國中教育會考試務籌辦計畫第1期款,連江縣政府,"381,367"
112/01/17,國民及學前教育行政及督導,馬祖考區112年國中教育會考試務籌辦計畫第1期款,連江縣政府,"81,000"
112/01/17,國民及學前教育行政及督導,竹苗考區112年國中教育會考試務籌辦計畫第1期款,新竹市政府,"3,390,765"
112/01/17,國民及學前教育行政及督導,111學年度學習區完全免試國中提升學習品質計畫第2期款,南投縣政府,"1,212,342"
112/01/17,國民及學前教育行政及督導,111學年度準公共幼兒園12園輔導計畫第2期款,南投縣政府,"352,786"
112/01/17,國民及學前教育行政及督導,111年度恆春國小附設幼兒園等2園充實及改善教學環境設施設備經費,屏東縣政府,"540,000"
112/01/17,國民及學前教育行政及督導,非營利幼兒園111學年度學費差額補助第2期款,新竹市政府,"55,187,544"
112/01/17,國民及學前教育行政及督導,111學年度準公共幼兒園招收2歲幼兒補助經費第2期款,南投縣政府,"10,080,000"
112/01/17,國民及學前教育行政及督導,111學年度學習區完全免試國中提升學習品質計畫第2期款,基隆市政府,"2,937,437"
112/01/18,國民及學前教育行政及督導,112年公立國民中小學暨幼兒園教師申請介聘他縣市服務作業經費,臺東縣政府,"598,690"
112/01/18,國民及學前教育行政及督導,112年校園拒毒萌芽推廣實施計畫反毒活動經費,屏東縣政府,"99,087"
112/01/18,國民及學前教育行政及督導,112年校園拒毒萌芽推廣實施計畫反毒活動經費,嘉義縣政府,"16,821"
112/01/18,國民及學前教育行政及督導,112年校園拒毒萌芽推廣實施計畫反毒活動經費,澎湖縣政府,"83,592"
112/01/18,國民及學前教育行政及督導,112年校園拒毒萌芽推廣實施計畫反毒活動經費,苗栗縣政府,"117,576"
112/01/18,國民及學前教育行政及督導,110至111學年度區合作模式計畫第3期款,南投縣政府,"732,980"
112/01/18,國民及學前教育行政及督導,東和國小111年度充實設施設備-司令臺暨護坡整修工程經費,彰化縣政府,"2,698,396"
112/01/18,國民及學前教育行政及督導,大額通報教補1月30日-111學年度我國少子女化對策計畫之各項幼生就學補助及育兒津貼等經費第3期款,南投縣政府,"128,820,000"
112/01/18,國民及學前教育行政及督導,111學年度偏遠地區及非山非市地區公立高級中等學校學生通學交通費,彰化縣政府,"1,635,480"
112/01/18,國民及學前教育行政及督導,111學年度實施十二年國民基本教育課程預估新增鐘點費,彰化縣政府,"747,356"
112/01/18,國民及學前教育行政及督導,大額通報教補1月30日-111學年度我國少子女化對策計畫之各項幼生就學補助及育兒津貼等經費第3期款,屏東縣政府,"199,128,000"
112/01/19,國民及學前教育行政及督導,前山非營利幼兒園111學年度永續經營之房舍修繕及設施設備改善、維護與購置經費第1期款,南投縣政府,"310,500"
112/01/19,國民及學前教育行政及督導,非營利幼兒園111學年度學費差額補助第2期款,彰化縣政府,"96,397,128"
112/01/19,國民及學前教育行政及督導,111學年度準公共幼兒園5園輔導計畫第2期款,屏東縣政府,"111,949"
112/01/19,國民及學前教育行政及督導,111學年度十二年國教課綱國民中小學標準本位評量「推廣學校計畫」暨「領航學校計畫」第2期款,嘉義市政府,"45,650"
112/01/19,國民及學前教育行政及督導,111學年度學習區完全免試國中提升學習品質計畫第2期款,嘉義市政府,"322,140"
112/01/19,國民及學前教育行政及督導,雲林考區112年國中教育會考試務籌辦計畫第1期款,雲林縣政府,"1,382,681"
112/01/19,國民及學前教育行政及督導,花蓮考區112年國中教育會考試務籌辦計畫第1期款,花蓮縣政府,"1,008,041"
112/01/19,國民及學前教育行政及督導,111學年度國民中小學媒體素養教育基地學校計畫第2期款,基隆市政府,"105,600"
112/01/19,國民及學前教育行政及督導,111學年度實施戶外教育與海洋教育計畫第2期款,金門縣政府,"2,170,663"
112/01/19,國民及學前教育行政及督導,111學年度實施戶外教育與海洋教育計畫第2期款,金門縣政府,"195,360"
112/01/19,國民及學前教育行政及督導,111學年度實施戶外教育與海洋教育計畫第2期款,連江縣政府,"1,890,475"
112/01/19,國民及學前教育行政及督導,111學年度實施戶外教育與海洋教育計畫第2期款,連江縣政府,"208,397"
112/01/19,國民及學前教育行政及督導,111學年度國民中小學本土教育整體推動方案第2期款,宜蘭縣政府,"1,167,858"
112/01/19,國民及學前教育行政及督導,111學年度國民中小學本土教育整體推動方案第2期款,嘉義縣政府,"1,895,940"
112/01/19,國民及學前教育行政及督導,112年度國中畢業生適性入學到校宣導經費,連江縣政府,"18,000"
112/01/19,國民及學前教育行政及督導,112年度國中畢業生適性入學到校宣導經費,雲林縣政府,"144,000"
112/01/19,國民及學前教育行政及督導,112年度高級中等學校學習歷程紀錄模組維運費,嘉義縣政府,"24,000"
112/01/19,國民及學前教育行政及督導,111學年度下學期中央課程與教學輔導諮詢教師團隊代理代課費暨課程與教學補助經費第2期款,嘉義縣政府,"145,960"
112/01/19,國民及學前教育行政及督導,111學年度下學期中央課程與教學輔導諮詢教師團隊代理代課費暨課程與教學補助經費第2期款,屏東縣政府,"211,280"
112/01/19,國民及學前教育行政及督導,111學年度科技教育推動總體計畫第2期款,彰化縣政府,"6,541,500"
112/01/19,國民及學前教育行政及督導,111學年度數學領域課中學習扶助深化模式試辦計畫第2期款,苗栗縣政府,"3,411,142"
112/01/19,國民及學前教育行政及督導,偏遠地區學校111學年度推動國中合理教師員額事項經費第2期款,花蓮縣政府,"819,000"
112/01/19,國民及學前教育行政及督導,111學年度國民中小學學生學習扶助計畫第2期款,嘉義市政府,"4,829,123"
112/01/19,國民及學前教育行政及督導,111學年度國民中小學學生學習扶助計畫第2期款,嘉義縣政府,"12,249,041"
112/01/19,國民及學前教育行政及督導,111學年度國民中小學學生學習扶助計畫第2期款,連江縣政府,"986,738"
112/01/19,國民及學前教育行政及督導,111學年度國民中小學學生學習扶助計畫第2期款,苗栗縣政府,"17,439,388"
112/01/19,國民及學前教育行政及督導,111學年度本土語文指導員第2期經費,金門縣政府,"378,000"
112/01/19,國民及學前教育行政及督導,112年度國中畢業生適性入學到校宣導經費,臺東縣政府,"90,000"
112/01/19,國民及學前教育行政及督導,112年度國中畢業生適性入學到校宣導經費,嘉義縣政府,"100,800"
112/01/11,國民及學前教育行政及督導,新設非營利幼兒園建築物裝修及購置教學設備第2、3期款(第六聯隊),國防部空軍司令部,"1,493,914"
112/01/11,國民及學前教育行政及督導,新設非營利幼兒園建築物裝修及購置教學設備第2、3期款(第六聯隊),國防部空軍司令部,"19,829,700"
112/01/13,國民及學前教育行政及督導,111學年度新設非營利幼兒園建築物裝修及購置教學設備第3期款,法務部矯正署臺東監獄,"300,000"
112/01/13,國民及學前教育行政及督導,111學年度新設非營利幼兒園建築物裝修及購置教學設備第3期款,法務部矯正署臺東監獄,"3,013,156"
112/01/13,國民及學前教育行政及督導,111學年度國家教育研究院基地學校第2期款,國家教育研究院,"5,405,400"
112/01/16,國民及學前教育行政及督導,新設職場教保服務中心建築物裝修及購置教學設備第2期款,內政部營建署,"50,000"
112/01/16,國民及學前教育行政及督導,新設職場教保服務中心建築物裝修及購置教學設備第2期款,內政部營建署,"858,915"
112/01/19,國民及學前教育行政及督導,職場互助教保服務中心111學年度業務費(含聘請簽證會計師經費)第1期款-南區工程處,內政部營建署,"80,000"
112/01/05,國民及學前教育行政及督導,112年度山地、偏遠及離島地區國立高級中等以下學校經濟弱勢學生午餐費經費,國立後壁高級中學,"1,530,000"
112/01/05,國民及學前教育行政及督導,111學年度實施十二年國民基本教育課程預估新增鐘點費,國立新竹高級工業職業學校,"337,365"
112/01/05,國民及學前教育行政及督導,111學年度實施十二年國民基本教育課程預估新增鐘點費,國立苗栗高級商業職業學校,"115,101"
112/01/05,國民及學前教育行政及督導,111學年度實施十二年國民基本教育課程預估新增鐘點費,國立員林崇實高級工業職業學校,"91,728"
112/01/05,國民及學前教育行政及督導,111學年度實施十二年國民基本教育課程預估新增鐘點費,國立員林高級家事商業職業學校,"190,512"
112/01/05,國民及學前教育行政及督導,111學年度實施十二年國民基本教育課程預估新增鐘點費,國立彰化師範大學附屬高級工業職業學校,"222,264"
112/01/05,國民及學前教育行政及督導,111學年度實施十二年國民基本教育課程預估新增鐘點費,國立南投高級中學,"462,168"
112/01/05,國民及學前教育行政及督導,111學年度實施十二年國民基本教育課程預估新增鐘點費,國立台南家齊高級中學,"346,767"
112/01/05,國民及學前教育行政及督導,111學年度實施十二年國民基本教育課程預估新增鐘點費,國立臺南大學附屬高級中學,"278,822"
112/01/05,國民及學前教育行政及督導,111學年度實施十二年國民基本教育課程預估新增鐘點費,國立後壁高級中學,"271,215"
112/01/05,國民及學前教育行政及督導,111學年度實施十二年國民基本教育課程預估新增鐘點費,國立鳳山高級商工職業學校,"229,320"
112/01/05,國民及學前教育行政及督導,111學年度實施十二年國民基本教育課程預估新增鐘點費,國立宜蘭高級中學,"389,907"
112/01/05,國民及學前教育行政及督導,111學年度實施十二年國民基本教育課程預估新增鐘點費,國立宜蘭高級商業職業學校,"293,706"
112/01/05,國民及學前教育行政及督導,111學年度實施十二年國民基本教育課程預估新增鐘點費,國立羅東高級工業職業學校,"190,512"
112/01/05,國民及學前教育行政及督導,111學年度實施十二年國民基本教育課程預估新增鐘點費,國立羅東高級商業職業學校,"257,985"
112/01/05,國民及學前教育行政及督導,111學年度實施十二年國民基本教育課程預估新增鐘點費,國立台東高級商業職業學校,"265,923"
112/01/05,國民及學前教育行政及督導,111學年度實施十二年國民基本教育課程預估新增鐘點費,國立北港高級中學,"238,140"
112/01/05,國民及學前教育行政及督導,111學年度實施十二年國民基本教育課程預估新增鐘點費,國立嘉義高級家事職業學校,"210,357"
112/01/05,國民及學前教育行政及督導,111學年度實施十二年國民基本教育課程預估新增鐘點費,國立新化高級中學,"402,664"
112/01/05,國民及學前教育行政及督導,111學年度實施十二年國民基本教育課程預估新增鐘點費,國立台南女子高級中學,"577,725"
112/01/05,國民及學前教育行政及督導,111學年度實施十二年國民基本教育課程預估新增鐘點費,國立新豐高級中學,"345,586"
112/01/05,國民及學前教育行政及督導,111學年度實施十二年國民基本教育課程預估新增鐘點費,國立成功商業水產職業學校,"31,752"
112/01/05,國民及學前教育行政及督導,111學年度實施十二年國民基本教育課程預估新增鐘點費,國立馬公高級中學,"391,608"
112/01/05,國民及學前教育行政及督導,111學年度第2學期高中優質化輔助方案經費(經),國立基隆高級中學,"1,172,000"
112/01/05,國民及學前教育行政及督導,111學年度第2學期高中優質化輔助方案經費(經),國立台南第二高級中學,"609,000"
112/01/05,國民及學前教育行政及督導,111學年度第2學期高中優質化輔助方案經費(經),國立竹北高級中學,"625,000"
112/01/05,國民及學前教育行政及督導,111學年度第2學期高中優質化輔助方案經費(經),國立竹東高級中學,"659,000"
112/01/05,國民及學前教育行政及督導,111學年度第2學期高中優質化輔助方案經費(經),國立台東女子高級中學,"540,000"
112/01/05,國民及學前教育行政及督導,111學年度第2學期高中優質化輔助方案經費(經),國立台東高級中學,"757,000"
112/01/05,國民及學前教育行政及督導,111學年度第2學期高中優質化輔助方案經費(經),國立竹南高級中學,"800,000"
112/01/05,國民及學前教育行政及督導,111學年度第2學期高中優質化輔助方案經費(經),國立暨南大學附屬高級中學,"875,000"
112/01/05,國民及學前教育行政及督導,111學年度第2學期高中優質化輔助方案經費(經),國立南投高級中學,"755,000"
112/01/05,國民及學前教育行政及督導,111學年度第2學期高中優質化輔助方案經費(經),國立基隆女子高級中學,"866,000"
112/01/05,國民及學前教育行政及督導,111學年度第2學期高中優質化輔助方案經費(經),國立苗栗高級中學,"898,000"
112/01/05,國民及學前教育行政及督導,111學年度第2學期高中優質化輔助方案經費(經),國立苑裡高級中學,"715,000"
112/01/05,國民及學前教育行政及督導,111學年度第2學期高中優質化輔助方案經費(經),國立新港藝術高級中學,"333,000"
112/01/05,國民及學前教育行政及督導,111學年度第2學期高中優質化輔助方案經費(經),國立中山大學附屬國光高級中學,"995,000"
112/01/05,國民及學前教育行政及督導,111學年度第2學期高中優質化輔助方案經費(經),國立彰化高級中學,"768,000"
112/01/05,國民及學前教育行政及督導,111學年度第2學期高中優質化輔助方案經費(經),國立鳳新高級中學,"794,000"
112/01/05,國民及學前教育行政及督導,111學年度第2學期高中優質化輔助方案經費(經),國立台南女子高級中學,"1,021,000"
112/01/05,國民及學前教育行政及督導,111學年度第2學期高中優質化輔助方案經費(經),國立臺灣師範大學附屬高級中學,"750,000"
112/01/05,國民及學前教育行政及督導,111學年度第2學期高中優質化輔助方案經費(經),國立潮州高級中學,"753,000"
112/01/05,國民及學前教育行政及督導,111學年度第2學期高中優質化輔助方案經費(經),國立竹山高級中學,"675,000"
112/01/05,國民及學前教育行政及督導,111學年度第2學期高中優質化輔助方案經費(經),國立中央大學附屬中壢高級中學,"750,000"
112/01/05,國民及學前教育行政及督導,111學年度第2學期高中優質化輔助方案經費(經),國立鳳山高級中學,"637,000"
112/01/05,國民及學前教育行政及督導,111學年度第2學期高中優質化輔助方案經費(經),國立善化高級中學,"805,000"
112/01/05,國民及學前教育行政及督導,111學年度第2學期高中優質化輔助方案經費(經),國立鹿港高級中學,"612,000"
112/01/07,國民及學前教育行政及督導,111學年度實施十二年國民基本教育課程預估新增鐘點費,國立中興高級中學,"198,591"
112/01/07,國民及學前教育行政及督導,111學年度實施十二年國民基本教育課程預估新增鐘點費,國立西螺高級農工職業學校,"405,720"
112/01/07,國民及學前教育行政及督導,111學年度實施十二年國民基本教育課程預估新增鐘點費,國立東石高級中學,"285,768"
112/01/07,國民及學前教育行政及督導,111學年度實施十二年國民基本教育課程預估新增鐘點費,國立曾文高級農工職業學校,"186,543"
112/01/07,國民及學前教育行政及督導,111學年度實施十二年國民基本教育課程預估新增鐘點費,國立澎湖高級海事水產職業學校,"84,672"
112/01/10,國民及學前教育行政及督導,112年教育部輔諮中心臨時專輔人員經費,國立基隆高級中學,"772,998"
112/01/10,國民及學前教育行政及督導,112年教育部輔諮中心臨時專輔人員經費,國立苗栗高級農工職業學校,"863,508"
112/01/10,國民及學前教育行政及督導,112年教育部輔諮中心臨時專輔人員經費,國立中興高級中學,"2,131,656"
112/01/10,國民及學前教育行政及督導,112年教育部輔諮中心臨時專輔人員經費,國立斗六高級家事商業職業學校,"863,508"
112/01/10,國民及學前教育行政及督導,112年教育部輔諮中心臨時專輔人員經費,國立台南第一高級中學,"863,508"
112/01/10,國民及學前教育行政及督導,112年教育部輔諮中心臨時專輔人員經費,國立曾文高級家事商業職業學校,"863,508"
112/01/10,國民及學前教育行政及督導,112年教育部輔諮中心臨時專輔人員經費,國立屏東女子高級中學,"741,776"
112/01/10,國民及學前教育行政及督導,111學年度辦理幼兒部增開未納編班級教學相關經費(第2期),國立臺南特殊教育學校,"980,000"
112/01/10,國民及學前教育行政及督導,112年度聘用專任專業導人員差旅費,國立中興高級中學,"50,000"
112/01/10,國民及學前教育行政及督導,112年度聘用專任專業導人員差旅費,國立秀水高級工業職業學校,"20,000"
112/01/10,國民及學前教育行政及督導,112年度聘用專任專業導人員差旅費,國立二林高級工商職業學校,"30,000"
112/01/10,國民及學前教育行政及督導,112年度聘用專任專業導人員差旅費,國立彰化師範大學附屬高級工業職業學校,"30,000"
112/01/10,國民及學前教育行政及督導,112年度聘用專任專業導人員差旅費,國立彰化高級商業職業學校,"15,000"
112/01/10,國民及學前教育行政及督導,112年度補助教育部各縣(市)聯絡處基本行政工作維持費,國立台南高級海事水產職業學校,"678,000"
112/01/10,國民及學前教育行政及督導,112年度補助教育部各縣(市)聯絡處基本行政工作維持費,國立新竹高級商業職業學校,"566,000"
112/01/10,國民及學前教育行政及督導,112年度補助教育部各縣(市)聯絡處基本行政工作維持費,國立基隆高級商工職業學校,"657,000"
112/01/10,國民及學前教育行政及督導,112年度補助教育部各縣(市)聯絡處基本行政工作維持費,國立東石高級中學,"568,000"
112/01/10,國民及學前教育行政及督導,112年度補助教育部各縣(市)聯絡處基本行政工作維持費,國立花蓮高級農業職業學校,"657,000"
112/01/10,國民及學前教育行政及督導,112年度補助教育部各縣(市)聯絡處基本行政工作維持費,國立彰化高級商業職業學校,"711,000"
112/01/10,國民及學前教育行政及督導,112年度補助教育部各縣(市)聯絡處基本行政工作維持費,國立鳳山高級中學,"700,000"
112/01/10,國民及學前教育行政及督導,112年度補助教育部各縣(市)聯絡處基本行政工作維持費,國立苗栗高級商業職業學校,"738,000"
112/01/10,國民及學前教育行政及督導,112年度補助教育部各縣(市)聯絡處基本行政工作維持費,國立南投高級中學,"565,300"
112/01/10,國民及學前教育行政及督導,112年度補助教育部各縣(市)聯絡處基本行政工作維持費,國立斗六高級家事商業職業學校,"662,000"
112/01/10,國民及學前教育行政及督導,112年度補助教育部各縣(市)聯絡處基本行政工作維持費,國立嘉義高級中學,"578,000"
112/01/10,國民及學前教育行政及督導,112年度補助教育部各縣(市)聯絡處基本行政工作維持費,國立曾文高級農工職業學校,"733,000"
112/01/10,國民及學前教育行政及督導,112年度補助教育部各縣(市)聯絡處基本行政工作維持費,國立屏東高級工業職業學校,"754,000"
112/01/10,國民及學前教育行政及督導,112年度補助教育部各縣(市)聯絡處基本行政工作維持費,國立台東女子高級中學,"572,000"
112/01/10,國民及學前教育行政及督導,補助國學校學生宿舍短期臨時管理人員需經費,國立臺東大學附屬體育高級中學,"900,794"
112/01/10,國民及學前教育行政及督導,112年度新住民子女職業技能精進計畫經費,國立花蓮高級工業職業學校,"153,461"
112/01/10,國民及學前教育行政及督導,112年度新住民子女職業技能精進計畫經費,國立北斗高級家事商業職業學校,"180,000"
112/01/10,國民及學前教育行政及督導,111學年度偏遠地區及非山非市地區公立高級中等學校學生通學交通費,國立佳冬高級農業職業學校,"5,319,000"
112/01/10,國民及學前教育行政及督導,111學年度偏遠地區及非山非市地區公立高級中等學校學生通學交通費,國立土庫高級商工職業學校,"5,893,404"
112/01/10,國民及學前教育行政及督導,111學年度偏遠地區及非山非市地區公立高級中等學校學生通學交通費,國立旗山高級農工職業學校,"4,521,000"
112/01/10,國民及學前教育行政及督導,111學年度第2學期高中優質化輔助方案(經),國立溪湖高級中學,"785,000"
112/01/10,國民及學前教育行政及督導,111學年度第2學期高中優質化輔助方案(經),國立屏東女子高級中學,"654,000"
112/01/10,國民及學前教育行政及督導,111學年度第2學期高中優質化輔助方案(經),國立屏北高級中學,"898,000"
112/01/10,國民及學前教育行政及督導,111學年度第2學期高中優質化輔助方案(經),國立新竹女子高級中學,"650,000"
112/01/10,國民及學前教育行政及督導,111學年度第2學期高中優質化輔助方案(經),國立羅東高級中學,"751,000"
112/01/10,國民及學前教育行政及督導,111學年度第2學期高中優質化輔助方案(經),國立宜蘭高級中學,"625,000"
112/01/10,國民及學前教育行政及督導,111學年度第2學期高中優質化輔助方案(經),國立嘉義高級中學,"500,000"
112/01/10,國民及學前教育行政及督導,111學年度第2學期高中優質化輔助方案(經),國立新化高級中學,"892,000"
112/01/10,國民及學前教育行政及督導,111學年度第2學期高中優質化輔助方案(經),國立屏東高級中學,"795,000"
112/01/10,國民及學前教育行政及督導,111學年度第2學期高中優質化輔助方案(經),國立北門高級中學,"548,000"
112/01/10,國民及學前教育行政及督導,111學年度第2學期高中優質化輔助方案(經),國立華僑高級中學,"580,000"
112/01/10,國民及學前教育行政及督導,111學年度第2學期高中優質化輔助方案(經),國立斗六高級中學,"680,000"
112/01/10,國民及學前教育行政及督導,111學年度第2學期高中優質化輔助方案(經),國立中興高級中學,"503,000"
112/01/10,國民及學前教育行政及督導,111學年度第2學期高中優質化輔助方案(經),國立花蓮女子高級中學,"738,000"
112/01/10,國民及學前教育行政及督導,111學年度實施十二年國民基本教育課程預估新增鐘點費,國立斗六高級家事商業職業學校,"277,830"
112/01/10,國民及學前教育行政及督導,111學年度實施十二年國民基本教育課程預估新增鐘點費,國立高雄餐旅大學附屬餐旅高級中等學校,"63,504"
112/01/10,國民及學前教育行政及督導,111學年度實施十二年國民基本教育課程預估新增鐘點費,國立旗山高級農工職業學校,"129,654"
112/01/10,國民及學前教育行政及督導,111學年度實施十二年國民基本教育課程預估新增鐘點費,國立屏東女子高級中學,"604,989"
112/01/10,國民及學前教育行政及督導,111學年度實施十二年國民基本教育課程預估新增鐘點費,國立佳冬高級農業職業學校,"269,892"
112/01/10,國民及學前教育行政及督導,111學年度實施十二年國民基本教育課程預估新增鐘點費,國立屏東高級工業職業學校,"214,326"
112/01/10,國民及學前教育行政及督導,111學年度實施十二年國民基本教育課程預估新增鐘點費,國立蘭陽女子高級中學,"496,125"
112/01/10,國民及學前教育行政及督導,111學年度實施十二年國民基本教育課程預估新增鐘點費,國立新竹女子高級中學,"243,432"
112/01/10,國民及學前教育行政及督導,111學年度實施十二年國民基本教育課程預估新增鐘點費,國立北斗高級家事商業職業學校,"123,039"
112/01/10,國民及學前教育行政及督導,111學年度實施十二年國民基本教育課程預估新增鐘點費,國立虎尾高級中學,"486,722"
112/01/10,國民及學前教育行政及督導,111學年度實施十二年國民基本教育課程預估新增鐘點費,國立嘉義高級商業職業學校,"341,334"
112/01/10,國民及學前教育行政及督導,111學年度實施十二年國民基本教育課程預估新增鐘點費,國立華南高級商業職業學校,"269,892"
112/01/10,國民及學前教育行政及督導,111學年度實施十二年國民基本教育課程預估新增鐘點費,國立岡山高級中學,"127,008"
112/01/10,國民及學前教育行政及督導,111學年度實施十二年國民基本教育課程預估新增鐘點費,國立大湖高級農工職業學校,"134,946"
112/01/10,國民及學前教育行政及督導,111學年度實施十二年國民基本教育課程預估新增鐘點費,國立苑裡高級中學,"341,712"
112/01/10,國民及學前教育行政及督導,111學年度實施十二年國民基本教育課程預估新增鐘點費,國立秀水高級工業職業學校,"102,312"
112/01/10,國民及學前教育行政及督導,111學年度實施十二年國民基本教育課程預估新增鐘點費,國立鹿港高級中學,"269,892"
112/01/10,國民及學前教育行政及督導,111學年度實施十二年國民基本教育課程預估新增鐘點費,國立和美實驗學校,"261,954"
112/01/10,國民及學前教育行政及督導,111學年度實施十二年國民基本教育課程預估新增鐘點費,國立二林高級工商職業學校,"349,272"
112/01/10,國民及學前教育行政及督導,111學年度實施十二年國民基本教育課程預估新增鐘點費,國立南投高級商業職業學校,"103,194"
112/01/10,國民及學前教育行政及督導,111學年度實施十二年國民基本教育課程預估新增鐘點費,國立中興大學附屬高級中學,"289,737"
112/01/10,國民及學前教育行政及督導,112年度高級中等學校學習歷程紀錄模組維運費,國立台東女子高級中學,"14,000"
112/01/10,國民及學前教育行政及督導,112年度高級中等學校學習歷程紀錄模組維運費,國立成功商業水產職業學校,"14,000"
112/01/10,國民及學前教育行政及督導,112年度高級中等學校學習歷程紀錄模組維運費,國立台東高級中學,"12,000"
112/01/10,國民及學前教育行政及督導,112年度高級中等學校學習歷程紀錄模組維運費,國立玉里高級中學,"14,000"
112/01/10,國民及學前教育行政及督導,112年度高級中等學校學習歷程紀錄模組維運費,國立花蓮高級工業職業學校,"14,000"
112/01/10,國民及學前教育行政及督導,112年度高級中等學校學習歷程紀錄模組維運費,國立花蓮高級商業職業學校,"28,000"
112/01/10,國民及學前教育行政及督導,112年度高級中等學校學習歷程紀錄模組維運費,國立花蓮高級農業職業學校,"12,000"
112/01/10,國民及學前教育行政及督導,112年度高級中等學校學習歷程紀錄模組維運費,國立宜蘭高級商業職業學校,"14,000"
112/01/10,國民及學前教育行政及督導,112年度高級中等學校學習歷程紀錄模組維運費,國立羅東高級工業職業學校,"28,000"
112/01/10,國民及學前教育行政及督導,112年度高級中等學校學習歷程紀錄模組維運費,國立羅東高級商業職業學校,"28,000"
112/01/10,國民及學前教育行政及督導,112年度高級中等學校學習歷程紀錄模組維運費,國立頭城高級家事商業職業學校,"12,000"
112/01/10,國民及學前教育行政及督導,112年度高級中等學校學習歷程紀錄模組維運費,國立羅東高級中學,"12,000"
112/01/10,國民及學前教育行政及督導,112年度高級中等學校學習歷程紀錄模組維運費,國立蘇澳高級海事水產職業學校,"12,000"
112/01/10,國民及學前教育行政及督導,112年度高級中等學校學習歷程紀錄模組維運費,國立澎湖高級海事水產職業學校,"14,000"
112/01/10,國民及學前教育行政及督導,112年度高級中等學校學習歷程紀錄模組維運費,國立馬公高級中學,"12,000"
112/01/10,國民及學前教育行政及督導,112年度高級中等學校學習歷程紀錄模組維運費,國立馬祖高級中學,"12,000"
112/01/10,國民及學前教育行政及督導,112年度高級中等學校學習歷程紀錄模組維運費,國立鳳山高級商工職業學校,"13,500"
112/01/10,國民及學前教育行政及督導,112年度高級中等學校學習歷程紀錄模組維運費,國立鳳山高級商工職業學校,"12,000"
112/01/10,國民及學前教育行政及督導,112年度高級中等學校學習歷程紀錄模組維運費,國立鳳新高級中學,"13,500"
112/01/10,國民及學前教育行政及督導,112年度高級中等學校學習歷程紀錄模組維運費,國立旗山高級農工職業學校,"12,000"
112/01/10,國民及學前教育行政及督導,112年度高級中等學校學習歷程紀錄模組維運費,國立中山大學附屬國光高級中學,"12,000"
112/01/10,國民及學前教育行政及督導,112年度高級中等學校學習歷程紀錄模組維運費,國立屏北高級中學,"14,000"
112/01/10,國民及學前教育行政及督導,112年度高級中等學校學習歷程紀錄模組維運費,國立基隆女子高級中學,"14,000"
112/01/10,國民及學前教育行政及督導,112年度高級中等學校學習歷程紀錄模組維運費,國立基隆高級商工職業學校,"14,000"
112/01/10,國民及學前教育行政及督導,112年度高級中等學校學習歷程紀錄模組維運費,國立臺灣海洋大學附屬基隆海事高級中等學校,"14,000"
112/01/10,國民及學前教育行政及督導,112年度高級中等學校學習歷程紀錄模組維運費,國立基隆高級商工職業學校,"14,000"
112/01/10,國民及學前教育行政及督導,112年度高級中等學校學習歷程紀錄模組維運費,國立華僑高級中學,"12,000"
112/01/10,國民及學前教育行政及督導,112年度高級中等學校學習歷程紀錄模組維運費,國立臺北科技大學附屬桃園農工高級中等學校,"14,000"
112/01/10,國民及學前教育行政及督導,112年度高級中等學校學習歷程紀錄模組維運費,國立新竹高級工業職業學校,"13,500"
112/01/10,國民及學前教育行政及督導,112年度高級中等學校學習歷程紀錄模組維運費,國立新竹高級商業職業學校,"12,000"
112/01/10,國民及學前教育行政及督導,112年度高級中等學校學習歷程紀錄模組維運費,國立新竹高級中學,"12,000"
112/01/10,國民及學前教育行政及督導,112年度高級中等學校學習歷程紀錄模組維運費,國立竹東高級中學,"13,500"
112/01/10,國民及學前教育行政及督導,112年度高級中等學校學習歷程紀錄模組維運費,國立關西高級中學,"12,000"
112/01/10,國民及學前教育行政及督導,112年度高級中等學校學習歷程紀錄模組維運費,國立竹南高級中學,"14,000"
112/01/10,國民及學前教育行政及督導,112年度高級中等學校學習歷程紀錄模組維運費,國立卓蘭高級中等學校,"13,500"
112/01/10,國民及學前教育行政及督導,112年度高級中等學校學習歷程紀錄模組維運費,國立苑裡高級中學,"13,500"
112/01/10,國民及學前教育行政及督導,112年度高級中等學校學習歷程紀錄模組維運費,國立苗栗高級商業職業學校,"12,000"
112/01/10,國民及學前教育行政及督導,112年度高級中等學校學習歷程紀錄模組維運費,國立苗栗高級農工職業學校,"12,000"
112/01/10,國民及學前教育行政及督導,112年度高級中等學校學習歷程紀錄模組維運費,國立苗栗高級中學,"12,000"
112/01/10,國民及學前教育行政及督導,112年度高級中等學校學習歷程紀錄模組維運費,國立大湖高級農工職業學校,"12,000"
112/01/10,國民及學前教育行政及督導,112年度高級中等學校學習歷程紀錄模組維運費,國立中興大學附屬高級中學,"12,000"
112/01/10,國民及學前教育行政及督導,112年度高級中等學校學習歷程紀錄模組維運費,國立中興高級中學,"13,500"
112/01/10,國民及學前教育行政及督導,112年度高級中等學校學習歷程紀錄模組維運費,國立中興大學附屬台中高級農業職業學校,"24,000"
112/01/10,國民及學前教育行政及督導,112年度高級中等學校學習歷程紀錄模組維運費,國立水里高級商工職業學校,"13,500"
112/01/10,國民及學前教育行政及督導,112年度高級中等學校學習歷程紀錄模組維運費,國立竹山高級中學,"13,500"
112/01/10,國民及學前教育行政及督導,112年度高級中等學校學習歷程紀錄模組維運費,國立南投高級中學,"13,500"
112/01/10,國民及學前教育行政及督導,112年度高級中等學校學習歷程紀錄模組維運費,國立埔里高級工業職業學校,"13,500"
112/01/10,國民及學前教育行政及督導,112年度高級中等學校學習歷程紀錄模組維運費,國立草屯高級商工職業學校,"13,500"
112/01/10,國民及學前教育行政及督導,112年度高級中等學校學習歷程紀錄模組維運費,國立暨南大學附屬高級中學,"13,500"
112/01/10,國民及學前教育行政及督導,112年度高級中等學校學習歷程紀錄模組維運費,國立暨南大學附屬高級中學,"13,500"
112/01/10,國民及學前教育行政及督導,112年度高級中等學校學習歷程紀錄模組維運費,國立仁愛高級農業職業學校,"12,000"
112/01/10,國民及學前教育行政及督導,112年度高級中等學校學習歷程紀錄模組維運費,國立二林高級工商職業學校,"14,000"
112/01/10,國民及學前教育行政及督導,112年度高級中等學校學習歷程紀錄模組維運費,國立二林高級工商職業學校,"14,000"
112/01/10,國民及學前教育行政及督導,112年度高級中等學校學習歷程紀錄模組維運費,國立秀水高級工業職業學校,"13,500"
112/01/10,國民及學前教育行政及督導,112年度高級中等學校學習歷程紀錄模組維運費,國立秀水高級工業職業學校,"13,500"
112/01/10,國民及學前教育行政及督導,112年度高級中等學校學習歷程紀錄模組維運費,國立和美實驗學校,"13,500"
112/01/10,國民及學前教育行政及督導,112年度高級中等學校學習歷程紀錄模組維運費,國立鹿港高級中學,"13,500"
112/01/10,國民及學前教育行政及督導,112年度高級中等學校學習歷程紀錄模組維運費,國立溪湖高級中學,"13,500"
112/01/10,國民及學前教育行政及督導,112年度高級中等學校學習歷程紀錄模組維運費,國立員林高級中學,"13,500"
112/01/10,國民及學前教育行政及督導,112年度高級中等學校學習歷程紀錄模組維運費,國立彰化女子高級中學,"13,500"
112/01/10,國民及學前教育行政及督導,112年度高級中等學校學習歷程紀錄模組維運費,國立北斗高級家事商業職業學校,"12,000"
112/01/10,國民及學前教育行政及督導,112年度高級中等學校學習歷程紀錄模組維運費,國立北斗高級家事商業職業學校,"12,000"
112/01/10,國民及學前教育行政及督導,112年度高級中等學校學習歷程紀錄模組維運費,國立員林高級農工職業學校,"12,000"
112/01/10,國民及學前教育行政及督導,112年度高級中等學校學習歷程紀錄模組維運費,國立員林高級農工職業學校,"12,000"
112/01/10,國民及學前教育行政及督導,112年度高級中等學校學習歷程紀錄模組維運費,國立鹿港高級中學,"13,500"
112/01/10,國民及學前教育行政及督導,112年度高級中等學校學習歷程紀錄模組維運費,國立員林高級家事商業職業學校,"12,000"
112/01/10,國民及學前教育行政及督導,112年度高級中等學校學習歷程紀錄模組維運費,國立員林高級家事商業職業學校,"12,000"
112/01/10,國民及學前教育行政及督導,112年度高級中等學校學習歷程紀錄模組維運費,國立彰化高級商業職業學校,"12,000"
112/01/10,國民及學前教育行政及督導,112年度高級中等學校學習歷程紀錄模組維運費,國立彰化師範大學附屬高級工業職業學校,"12,000"
112/01/10,國民及學前教育行政及督導,112年度高級中等學校學習歷程紀錄模組維運費,國立彰化師範大學附屬高級工業職業學校,"12,000"
112/01/10,國民及學前教育行政及督導,112年度高級中等學校學習歷程紀錄模組維運費,國立員林崇實高級工業職業學校,"12,000"
112/01/10,國民及學前教育行政及督導,112年度高級中等學校學習歷程紀錄模組維運費,國立員林崇實高級工業職業學校,"12,000"
112/01/10,國民及學前教育行政及督導,112年度高級中等學校學習歷程紀錄模組維運費,國立斗六高級中學,"14,000"
112/01/10,國民及學前教育行政及督導,112年度高級中等學校學習歷程紀錄模組維運費,國立北港高級中學,"14,000"
112/01/10,國民及學前教育行政及督導,112年度高級中等學校學習歷程紀錄模組維運費,國立虎尾高級中學,"14,000"
112/01/10,國民及學前教育行政及督導,112年度高級中等學校學習歷程紀錄模組維運費,國立虎尾高級農工職業學校,"14,000"
112/01/10,國民及學前教育行政及督導,112年度高級中等學校學習歷程紀錄模組維運費,國立斗六高級家事商業職業學校,"13,500"
112/01/10,國民及學前教育行政及督導,112年度高級中等學校學習歷程紀錄模組維運費,國立斗六高級家事商業職業學校,"12,000"
112/01/10,國民及學前教育行政及督導,112年度高級中等學校學習歷程紀錄模組維運費,國立土庫高級商工職業學校,"12,000"
112/01/10,國民及學前教育行政及督導,112年度高級中等學校學習歷程紀錄模組維運費,國立嘉義女子高級中學,"13,500"
112/01/10,國民及學前教育行政及督導,112年度高級中等學校學習歷程紀錄模組維運費,國立嘉義高級家事職業學校,"13,500"
112/01/10,國民及學前教育行政及督導,112年度高級中等學校學習歷程紀錄模組維運費,國立嘉義高級中學,"13,500"
112/01/10,國民及學前教育行政及督導,112年度高級中等學校學習歷程紀錄模組維運費,國立嘉義高級工業職業學校,"12,000"
112/01/10,國民及學前教育行政及督導,112年度高級中等學校學習歷程紀錄模組維運費,國立嘉義高級工業職業學校,"12,000"
112/01/10,國民及學前教育行政及督導,112年度高級中等學校學習歷程紀錄模組維運費,國立華南高級商業職業學校,"12,000"
112/01/10,國民及學前教育行政及督導,112年度高級中等學校學習歷程紀錄模組維運費,國立民雄高級農工職業學校,"13,500"
112/01/10,國民及學前教育行政及督導,112年度高級中等學校學習歷程紀錄模組維運費,國立新港藝術高級中學,"13,500"
112/01/10,國民及學前教育行政及督導,112年度高級中等學校學習歷程紀錄模組維運費,國立東石高級中學,"12,000"
112/01/10,國民及學前教育行政及督導,112年度高級中等學校學習歷程紀錄模組維運費,國立臺南大學附屬啟聰學校,"14,000"
112/01/10,國民及學前教育行政及督導,112年度高級中等學校學習歷程紀錄模組維運費,國立台南第二高級中學,"14,000"
112/01/10,國民及學前教育行政及督導,112年度高級中等學校學習歷程紀錄模組維運費,國立台南高級商業職業學校,"14,000"
112/01/10,國民及學前教育行政及督導,112年度高級中等學校學習歷程紀錄模組維運費,國立台南家齊高級中學,"14,000"
112/01/10,國民及學前教育行政及督導,112年度高級中等學校學習歷程紀錄模組維運費,國立善化高級中學,"14,000"
112/01/10,國民及學前教育行政及督導,112年度高級中等學校學習歷程紀錄模組維運費,國立新化高級工業職業學校,"13,500"
112/01/10,國民及學前教育行政及督導,112年度高級中等學校學習歷程紀錄模組維運費,國立新化高級工業職業學校,"14,000"
112/01/10,國民及學前教育行政及督導,112年度高級中等學校學習歷程紀錄模組維運費,國立新化高級中學,"14,000"
112/01/10,國民及學前教育行政及督導,112年度高級中等學校學習歷程紀錄模組維運費,國立新營高級中學,"14,000"
112/01/10,國民及學前教育行政及督導,112年度高級中等學校學習歷程紀錄模組維運費,國立台南高級海事水產職業學校,"14,000"
112/01/10,國民及學前教育行政及督導,112年度高級中等學校學習歷程紀錄模組維運費,國立新豐高級中學,"13,500"
112/01/10,國民及學前教育行政及督導,112年度高級中等學校學習歷程紀錄模組維運費,國立台南第一高級中學,"13,500"
112/01/10,國民及學前教育行政及督導,112年度高級中等學校學習歷程紀錄模組維運費,國立白河高級商工職業學校,"13,500"
112/01/10,國民及學前教育行政及督導,112年度高級中等學校學習歷程紀錄模組維運費,國立曾文高級農工職業學校,"12,000"
112/01/10,國民及學前教育行政及督導,112年度高級中等學校學習歷程紀錄模組維運費,國立玉井高級工商職業學校,"12,000"
112/01/10,國民及學前教育行政及督導,112年度高級中等學校學習歷程紀錄模組維運費,國立臺南大學附屬高級中學,"12,000"
112/01/10,國民及學前教育行政及督導,112年度高級中等學校學習歷程紀錄模組維運費,國立台南高級工業職業學校,"24,000"
112/01/10,國民及學前教育行政及督導,112年度高級中等學校學習歷程紀錄模組維運費,國立新營高級工業職業學校,"12,000"
112/01/10,國民及學前教育行政及督導,112年度高級中等學校學習歷程紀錄模組維運費,國立岡山高級中學,"14,000"
112/01/10,國民及學前教育行政及督導,112年度高級中等學校學習歷程紀錄模組維運費,國立岡山高級農工職業學校,"13,500"
112/01/10,國民及學前教育行政及督導,112年度高級中等學校學習歷程紀錄模組維運費,國立鳳山高級中學,"14,000"
112/01/10,國民及學前教育行政及督導,112年度高級中等學校學習歷程紀錄模組維運費,國立新竹科學園區實驗高級中等學校,"12,000"
112/01/10,國民及學前教育行政及督導,112年度高級中等學校學習歷程紀錄模組維運費,國立恆春高級工商職業學校,"14,000"
112/01/10,國民及學前教育行政及督導,112年度高級中等學校學習歷程紀錄模組維運費,國立東港高級海事水產職業學校,"13,500"
112/01/10,國民及學前教育行政及督導,112年度高級中等學校學習歷程紀錄模組維運費,國立內埔高級農工職業學校,"12,000"
112/01/10,國民及學前教育行政及督導,112年度高級中等學校學習歷程紀錄模組維運費,國立屏東女子高級中學,"12,000"
112/01/10,國民及學前教育行政及督導,112年度高級中等學校學習歷程紀錄模組維運費,國立佳冬高級農業職業學校,"24,000"
112/01/10,國民及學前教育行政及督導,112年度高級中等學校學習歷程紀錄模組維運費,國立潮州高級中學,"12,000"
112/01/10,國民及學前教育行政及督導,112年度高級中等學校學習歷程紀錄模組維運費,國立台東高級商業職業學校,"28,000"
112/01/12,國民及學前教育行政及督導,112年度第1梯次(111學年度第2學期)新住民子女職業技能精進計畫經費,國立苗栗高級農工職業學校,"180,000"
112/01/12,國民及學前教育行政及督導,112年度教育部學生輔導諮商中心進用個案管理員,國立彰化高級中學,"616,120"
112/01/12,國民及學前教育行政及督導,112年度教育部學生輔導諮商中心進用個案管理員,國立中興高級中學,"623,658"
112/01/12,國民及學前教育行政及督導,112年度教育部學生輔導諮商中心進用個案管理員,國立花蓮女子高級中學,"741,546"
112/01/12,國民及學前教育行政及督導,111學年度技術型及綜合型高級中等學校十二年國民基本教育課程綱要前導學校工作計畫,國立宜蘭高級商業職業學校,"800,000"
112/01/12,國民及學前教育行政及督導,111學年度技術型及綜合型高級中等學校十二年國民基本教育課程綱要前導學校工作計畫,國立羅東高級工業職業學校,"750,000"
112/01/12,國民及學前教育行政及督導,112年度執行學生校外生活輔導工作經費,國立宜蘭高級中學,"290,000"
112/01/12,國民及學前教育行政及督導,112年度執行學生校外生活輔導工作經費,國立基隆高級商工職業學校,"208,000"
112/01/12,國民及學前教育行政及督導,112年度執行學生校外生活輔導工作經費,國立竹東高級中學,"278,000"
112/01/12,國民及學前教育行政及督導,112年度執行學生校外生活輔導工作經費,國立新竹高級商業職業學校,"235,000"
112/01/12,國民及學前教育行政及督導,112年度執行學生校外生活輔導工作經費,國立苗栗高級商業職業學校,"276,000"
112/01/12,國民及學前教育行政及督導,112年度執行學生校外生活輔導工作經費,國立南投高級中學,"320,000"
112/01/12,國民及學前教育行政及督導,112年度執行學生校外生活輔導工作經費,國立彰化高級商業職業學校,"399,000"
112/01/12,國民及學前教育行政及督導,112年度執行學生校外生活輔導工作經費,國立斗六高級家事商業職業學校,"302,000"
112/01/12,國民及學前教育行政及督導,112年度執行學生校外生活輔導工作經費,國立東石高級中學,"238,000"
112/01/12,國民及學前教育行政及督導,112年度執行學生校外生活輔導工作經費,國立嘉義高級中學,"244,000"
112/01/12,國民及學前教育行政及督導,112年度執行學生校外生活輔導工作經費,國立曾文高級農工職業學校,"384,000"
112/01/12,國民及學前教育行政及督導,112年度執行學生校外生活輔導工作經費,國立台南高級海事水產職業學校,"311,000"
112/01/12,國民及學前教育行政及督導,112年度執行學生校外生活輔導工作經費,國立鳳山高級中學,"407,000"
112/01/12,國民及學前教育行政及督導,112年度執行學生校外生活輔導工作經費,國立屏東高級工業職業學校,"354,000"
112/01/12,國民及學前教育行政及督導,112年度執行學生校外生活輔導工作經費,國立台東女子高級中學,"258,000"
112/01/12,國民及學前教育行政及督導,112年度執行學生校外生活輔導工作經費,國立花蓮高級農業職業學校,"294,000"
112/01/12,國民及學前教育行政及督導,112年度執行學生校外生活輔導工作經費,國立馬公高級中學,"154,000"
112/01/12,國民及學前教育行政及督導,112年度執行學生校外生活輔導工作經費,國立金門高級農工職業學校,"148,000"
112/01/12,國民及學前教育行政及督導,112年度學生輔導諮商中心專案輔導助理實施計畫,國立基隆高級中學,"548,536"
112/01/12,國民及學前教育行政及督導,112年度學生輔導諮商中心專案輔導助理實施計畫,國立彰化高級中學,"1,848,360"
112/01/12,國民及學前教育行政及督導,112年度學生輔導諮商中心專案輔導助理實施計畫,國立苗栗高級農工職業學校,"623,658"
112/01/12,國民及學前教育行政及督導,112年度學生輔導諮商中心專案輔導助理實施計畫,國立中興高級中學,"641,522"
112/01/12,國民及學前教育行政及督導,112年度學生輔導諮商中心專案輔導助理實施計畫,國立斗六高級家事商業職業學校,"623,658"
112/01/12,國民及學前教育行政及督導,112年度學生輔導諮商中心專案輔導助理實施計畫,國立台南第一高級中學,"580,368"
112/01/12,國民及學前教育行政及督導,112年度學生輔導諮商中心專案輔導助理實施計畫,國立曾文高級家事商業職業學校,"710,133"
112/01/12,國民及學前教育行政及督導,112年度學生輔導諮商中心專案輔導助理實施計畫,國立鳳山高級商工職業學校,"641,522"
112/01/12,國民及學前教育行政及督導,112年度學生輔導諮商中心專案輔導助理實施計畫,國立屏東女子高級中學,"641,522"
112/01/12,國民及學前教育行政及督導,111學年度十二年國民基本教育課程綱要普通型前導學校計畫,國立溪湖高級中學,"1,050,000"
112/01/12,國民及學前教育行政及督導,111學年度十二年國民基本教育課程綱要普通型前導學校計畫,國立竹山高級中學,"1,050,000"
112/01/12,國民及學前教育行政及督導,111學年度十二年國民基本教育課程綱要普通型前導學校計畫,國立嘉義女子高級中學,"1,050,000"
112/01/12,國民及學前教育行政及督導,111學年度十二年國民基本教育課程綱要普通型前導學校計畫,國立台南第一高級中學,"1,050,000"
112/01/12,國民及學前教育行政及督導,111學年度十二年國民基本教育課程綱要普通型前導學校計畫,國立台南第二高級中學,"1,050,000"
112/01/12,國民及學前教育行政及督導,112年度教育部學生輔導諮商中心進用臨時專業輔導人員實施計畫,國立彰化高級中學,"863,508"
112/01/12,國民及學前教育行政及督導,112年度教育部學生輔導諮商中心進用臨時專業輔導人員實施計畫,國立鳳山高級商工職業學校,"863,508"
112/01/12,國民及學前教育行政及督導,112年度教育部學生輔導諮商中心進用臨時專業輔導人員實施計畫,國立花蓮女子高級中學,"1,727,016"
112/01/12,國民及學前教育行政及督導,111學年度第2學期高中優質化輔助方案(經),國立嘉義女子高級中學,"750,000"
112/01/12,國民及學前教育行政及督導,111學年度第2學期高中優質化輔助方案(經),國立高雄師範大學附屬高級中學,"939,000"
112/01/12,國民及學前教育行政及督導,111學年度第2學期高中優質化輔助方案(經),國立台南第一高級中學,"840,000"
112/01/12,國民及學前教育行政及督導,111學年度第2學期高中優質化輔助方案(經),國立岡山高級中學,"635,000"
112/01/12,國民及學前教育行政及督導,111學年度第2學期高中優質化輔助方案(經),國立中興大學附屬高級中學,"579,000"
112/01/12,國民及學前教育行政及督導,111學年度第2學期高中優質化輔助方案(經),國立花蓮高級中學,"660,000"
112/01/12,國民及學前教育行政及督導,111學年度第2學期高中優質化輔助方案(經),國立政治大學附屬高級中學,"725,000"
112/01/12,國民及學前教育行政及督導,111學年度第2學期高中優質化輔助方案(經),國立和美實驗學校,"790,000"
112/01/12,國民及學前教育行政及督導,111學年度第2學期高中優質化輔助方案(經),國立新營高級中學,"633,000"
112/01/12,國民及學前教育行政及督導,111學年度第2學期高中優質化輔助方案(經),國立虎尾高級中學,"730,000"
112/01/12,國民及學前教育行政及督導,112年1月至7月商借教師至國教署服務所需代理代課教師經費,國立和美實驗學校,"350,000"
112/01/12,國民及學前教育行政及督導,111學年度聘任資源班行政助理經費,國立台東專科學校校務基金,"405,243"
112/01/12,國民及學前教育行政及督導,111學年度第2學期在家教育巡迴輔導計畫經費,國立新竹特殊教育學校,"18,444"
112/01/12,國民及學前教育行政及督導,111學年度聘任資源班編制外代理教師計畫經費,國立台東專科學校校務基金,"1,046,237"
112/01/12,國民及學前教育行政及督導,111學年度聘任特殊教育行政助理經費,國立新竹科學園區實驗高級中等學校,"362,058"
112/01/12,國民及學前教育行政及督導,111學年度辦理國小部增開未納編班級教學相關經費第2期款,國立臺南特殊教育學校,"980,000"
112/01/12,國民及學前教育行政及督導,112年度國際教育地方培力團(IELCG)任務學校經費,國立新竹高級中學,"300,000"
112/01/12,國民及學前教育行政及督導,112年度補助教育部各縣(市)聯絡處基本行政工作維持費,國立宜蘭高級中學,"677,000"
112/01/12,國民及學前教育行政及督導,112年度補助教育部各縣(市)聯絡處基本行政工作維持費,國立竹東高級中學,"559,964"
112/01/12,國民及學前教育行政及督導,112年度補助教育部各縣(市)聯絡處基本行政工作維持費,國立馬公高級中學,"489,000"
112/01/12,國民及學前教育行政及督導,112年度補助教育部各縣(市)聯絡處基本行政工作維持費,國立金門高級農工職業學校,"600,000"
112/01/13,國民及學前教育行政及督導,111學年度技術型及綜合型高級中等學校十二年國民基本教育課程綱要前導學校工作計畫,國立斗六高級家事商業職業學校,"525,000"
112/01/13,國民及學前教育行政及督導,111學年度技術型及綜合型高級中等學校十二年國民基本教育課程綱要前導學校工作計畫,國立嘉義高級家事職業學校,"600,000"
112/01/13,國民及學前教育行政及督導,111學年度技術型及綜合型高級中等學校十二年國民基本教育課程綱要前導學校工作計畫,國立花蓮高級工業職業學校,"750,000"
112/01/13,國民及學前教育行政及督導,111學年度十二年國民基本教育課程綱要普通型前導學校計畫,國立基隆高級中學,"1,050,000"
112/01/13,國民及學前教育行政及督導,111學年度十二年國民基本教育課程綱要普通型前導學校計畫,國立屏東女子高級中學,"899,500"
112/01/13,國民及學前教育行政及督導,111學年度第2學期高中優質化輔助方案(資),國立新竹科學園區實驗高級中等學校,"500,000"
112/01/13,國民及學前教育行政及督導,111學年度第2學期高中優質化輔助方案(經),國立台南家齊高級中學,"936,000"
112/01/13,國民及學前教育行政及督導,111學年度第2學期高中優質化輔助方案(經),國立臺東大學附屬體育高級中學,"925,000"
112/01/13,國民及學前教育行政及督導,111學年度第2學期高中優質化輔助方案(經),國立員林高級中學,"550,000"
112/01/13,國民及學前教育行政及督導,111學年度第2學期高中優質化輔助方案(經),國立馬公高級中學,"889,000"
112/01/13,國民及學前教育行政及督導,111學年度第2學期高中優質化輔助方案(經),國立新竹高級中學,"550,000"
112/01/13,國民及學前教育行政及督導,111學年度第2學期高中優質化輔助方案(經),國立南科國際實驗高級中學,"695,000"
112/01/13,國民及學前教育行政及督導,111學年度第2學期高中優質化輔助方案(經),國立彰化女子高級中學,"550,000"
112/01/13,國民及學前教育行政及督導,111學年度第2學期高中優質化輔助方案(經),國立旗美高級中學,"536,000"
112/01/13,國民及學前教育行政及督導,111學年度第2學期高中優質化輔助方案(經),國立北港高級中學,"827,000"
112/01/13,國民及學前教育行政及督導,111學年度第2學期高中優質化輔助方案(經),國立金門高級中學,"499,000"
112/01/13,國民及學前教育行政及督導,111學年度第2學期高中優質化輔助方案(經),國立新豐高級中學,"700,000"
112/01/13,國民及學前教育行政及督導,111學年度第2學期高中優質化輔助方案(經),國立新竹科學園區實驗高級中等學校,"500,000"
112/01/13,國民及學前教育行政及督導,補助112年教育部輔諮中心個管經費,國立新竹女子高級中學,"710,133"
112/01/13,國民及學前教育行政及督導,補助112年教育部輔諮中心個管經費,國立嘉義女子高級中學,"564,059"
112/01/13,國民及學前教育行政及督導,補助112年教育部輔諮中心助理經費,國立新竹女子高級中學,"548,536"
112/01/13,國民及學前教育行政及督導,補助112年教育部輔諮中心助理經費,國立嘉義女子高級中學,"623,658"
112/01/13,國民及學前教育行政及督導,補助112年教育部輔諮中心助理經費,國立台東高級中學,"616,120"
112/01/13,國民及學前教育行政及督導,補助112年教育部輔諮中心臨時專輔人員經費,國立宜蘭高級中學,"741,776"
112/01/13,國民及學前教育行政及督導,補助112年教育部輔諮中心助理經費,國立宜蘭高級中學,"641,522"
112/01/13,國民及學前教育行政及督導,補助112年教育部輔諮中心助理經費,國立花蓮女子高級中學,"538,131"
112/01/13,國民及學前教育行政及督導,111學年度實施十二年國民基本教育課程預估新增鐘點費,國立彰化高級商業職業學校,"430,416"
112/01/13,國民及學前教育行政及督導,111學年度實施十二年國民基本教育課程預估新增鐘點費,國立斗六高級中學,"206,388"
112/01/13,國民及學前教育行政及督導,111學年度實施十二年國民基本教育課程預估新增鐘點費,國立嘉義高級中學,"643,167"
112/01/13,國民及學前教育行政及督導,111學年度實施十二年國民基本教育課程預估新增鐘點費,國立新營高級工業職業學校,"321,489"
112/01/13,國民及學前教育行政及督導,111學年度實施十二年國民基本教育課程預估新增鐘點費,國立基隆女子高級中學,"160,524"
112/01/13,國民及學前教育行政及督導,111學年度實施十二年國民基本教育課程預估新增鐘點費,國立竹東高級中學,"456,057"
112/01/13,國民及學前教育行政及督導,111學年度實施十二年國民基本教育課程預估新增鐘點費,國立曾文高級家事商業職業學校,"67,473"
112/01/13,國民及學前教育行政及督導,111學年度實施十二年國民基本教育課程預估新增鐘點費,國立花蓮高級中學,"218,295"
112/01/13,國民及學前教育行政及督導,111學年度實施十二年國民基本教育課程預估新增鐘點費,國立花蓮高級農業職業學校,"87,318"
112/01/13,國民及學前教育行政及督導,111學年度實施十二年國民基本教育課程預估新增鐘點費,國立臺灣海洋大學附屬基隆海事高級中等學校,"127,008"
112/01/13,國民及學前教育行政及督導,111學年度實施十二年國民基本教育課程預估新增鐘點費,國立新竹高級中學,"579,474"
112/01/13,國民及學前教育行政及督導,111學年度實施十二年國民基本教育課程預估新增鐘點費,國立台南高級海事水產職業學校,"128,331"
112/01/13,國民及學前教育行政及督導,111學年度實施十二年國民基本教育課程預估新增鐘點費,國立北門高級農工職業學校,"123,795"
112/01/13,國民及學前教育行政及督導,111學年度實施十二年國民基本教育課程預估新增鐘點費,國立新營高級中學,"412,776"
112/01/13,國民及學前教育行政及督導,111學年度實施十二年國民基本教育課程預估新增鐘點費,國立新竹高級商業職業學校,"293,706"
112/01/13,國民及學前教育行政及督導,111學年度實施十二年國民基本教育課程預估新增鐘點費,國立水里高級商工職業學校,"313,551"
112/01/13,國民及學前教育行政及督導,111學年度實施十二年國民基本教育課程預估新增鐘點費,國立埔里高級工業職業學校,"222,972"
112/01/13,國民及學前教育行政及督導,111學年度實施十二年國民基本教育課程預估新增鐘點費,國立台南第二高級中學,"887,213"
112/01/13,國民及學前教育行政及督導,111學年度實施十二年國民基本教育課程預估新增鐘點費,國立新化高級工業職業學校,"142,884"
112/01/13,國民及學前教育行政及督導,111學年度實施十二年國民基本教育課程預估新增鐘點費,國立北門高級中學,"414,666"
112/01/13,國民及學前教育行政及督導,111學年度實施十二年國民基本教育課程預估新增鐘點費,國立南科國際實驗高級中學,"154,791"
112/01/13,國民及學前教育行政及督導,111學年度實施十二年國民基本教育課程預估新增鐘點費,國立嘉義女子高級中學,"944,622"
112/01/13,國民及學前教育行政及督導,111學年度實施十二年國民基本教育課程預估新增鐘點費,國立仁愛高級農業職業學校,"37,044"
112/01/13,國民及學前教育行政及督導,111學年度實施十二年國民基本教育課程預估新增鐘點費,國立玉井高級工商職業學校,"97,949"
112/01/13,國民及學前教育行政及督導,111學年度實施十二年國民基本教育課程預估新增鐘點費,國立竹南高級中學,"303,534"
112/01/13,國民及學前教育行政及督導,111學年度實施十二年國民基本教育課程預估新增鐘點費,國立基隆高級商工職業學校,"202,419"
112/01/13,國民及學前教育行政及督導,111學年度實施十二年國民基本教育課程預估新增鐘點費,國立竹北高級中學,"436,590"
112/01/13,國民及學前教育行政及督導,111學年度實施十二年國民基本教育課程預估新增鐘點費,國立彰化高級中學,"285,768"
112/01/13,國民及學前教育行政及督導,111學年度實施十二年國民基本教育課程預估新增鐘點費,國立高雄師範大學附屬高級中學,"333,963"
112/01/13,國民及學前教育行政及督導,111學年度實施十二年國民基本教育課程預估新增鐘點費,國立花蓮女子高級中學,"118,125"
112/01/13,國民及學前教育行政及督導,111學年度實施十二年國民基本教育課程預估新增鐘點費,國立花蓮高級商業職業學校,"109,368"
112/01/13,國民及學前教育行政及督導,111學年度實施十二年國民基本教育課程預估新增鐘點費,國立中科實驗高級中學,"217,444"
112/01/13,國民及學前教育行政及督導,111學年度實施十二年國民基本教育課程預估新增鐘點費,國立關西高級中學,"289,296"
112/01/13,國民及學前教育行政及督導,111學年度實施十二年國民基本教育課程預估新增鐘點費,國立彰化女子高級中學,"517,671"
112/01/13,國民及學前教育行政及督導,111學年度實施十二年國民基本教育課程預估新增鐘點費,國立竹山高級中學,"404,838"
112/01/13,國民及學前教育行政及督導,111學年度實施十二年國民基本教育課程預估新增鐘點費,國立鳳山高級中學,"392,931"
112/01/13,國民及學前教育行政及督導,111學年度實施十二年國民基本教育課程預估新增鐘點費,國立中山大學附屬國光高級中學,"298,100"
112/01/13,國民及學前教育行政及督導,111學年度實施十二年國民基本教育課程預估新增鐘點費,國立屏北高級中學,"229,320"
112/01/13,國民及學前教育行政及督導,111學年度實施十二年國民基本教育課程預估新增鐘點費,國立臺東大學附屬體育高級中學,"15,876"
112/01/13,國民及學前教育行政及督導,111學年度實施十二年國民基本教育課程預估新增鐘點費,國立基隆高級中學,"627,984"
112/01/13,國民及學前教育行政及督導,111學年度實施十二年國民基本教育課程預估新增鐘點費,國立臺灣師範大學附屬高級中學,"750,141"
112/01/13,國民及學前教育行政及督導,111學年度實施十二年國民基本教育課程預估新增鐘點費,國立中央大學附屬中壢高級中學,"845,397"
112/01/13,國民及學前教育行政及督導,111學年度實施十二年國民基本教育課程預估新增鐘點費,國立臺北科技大學附屬桃園農工高級中等學校,"107,604"
112/01/13,國民及學前教育行政及督導,111學年度實施十二年國民基本教育課程預估新增鐘點費,國立新竹科學園區實驗高級中等學校,"130,977"
112/01/13,國民及學前教育行政及督導,111學年度實施十二年國民基本教育課程預估新增鐘點費,國立溪湖高級中學,"552,825"
112/01/13,國民及學前教育行政及督導,111學年度實施十二年國民基本教育課程預估新增鐘點費,國立鳳新高級中學,"517,718"
112/01/13,國民及學前教育行政及督導,111學年度實施十二年國民基本教育課程預估新增鐘點費,國立永靖高級工業職業學校,"111,132"
112/01/13,國民及學前教育行政及督導,111學年度實施十二年國民基本教育課程預估新增鐘點費,國立卓蘭高級中等學校,"198,450"
112/01/13,國民及學前教育行政及督導,111學年度實施十二年國民基本教育課程預估新增鐘點費,國立草屯高級商工職業學校,"142,884"
112/01/13,國民及學前教育行政及督導,111學年度實施十二年國民基本教育課程預估新增鐘點費,國立員林高級中學,"353,241"
112/01/13,國民及學前教育行政及督導,111學年度實施十二年國民基本教育課程預估新增鐘點費,國立中興大學附屬台中高級農業職業學校,"303,408"
112/01/13,國民及學前教育行政及督導,111學年度實施十二年國民基本教育課程預估新增鐘點費,國立北港高級農工職業學校,"313,551"
112/01/13,國民及學前教育行政及督導,111學年度實施十二年國民基本教育課程預估新增鐘點費,國立民雄高級農工職業學校,"349,272"
112/01/13,國民及學前教育行政及督導,111學年度實施十二年國民基本教育課程預估新增鐘點費,國立土庫高級商工職業學校,"123,039"
112/01/13,國民及學前教育行政及督導,111學年度實施十二年國民基本教育課程預估新增鐘點費,國立恆春高級工商職業學校,"307,597"
112/01/13,國民及學前教育行政及督導,111學年度實施十二年國民基本教育課程預估新增鐘點費,國立台東高級中學,"365,148"
112/01/16,國民及學前教育行政及督導,112年度國民中小學閱讀推動計畫經費,國立臺南大學附設實小,"20,000"
112/01/16,國民及學前教育行政及督導,112年度專任專業輔導人員差旅費,國立彰化高級中學,"150,000"
112/01/16,國民及學前教育行政及督導,臨時約聘(僱)職業輔導員經費,國立鳳山高級商工職業學校,"600,000"
112/01/16,國民及學前教育行政及督導,112年度第1梯次(111學年度第2學期)新住民子女職業技能精進計畫,國立臺灣海洋大學附屬基隆海事高級中等學校,"180,000"
112/01/16,國民及學前教育行政及督導,112年度僑生活動輔導經費,國立華僑高級中學,"216,000"
112/01/16,國民及學前教育行政及督導,111學年度技術型及綜合型高級中等學校十二年國民基本教育課程綱要前導學校工作計畫,國立澎湖高級海事水產職業學校,"750,000"
112/01/16,國民及學前教育行政及督導,111學年度第2學期辦理兒童課後照顧服務經費,國立新竹特殊教育學校,"1,045,117"
112/01/16,國民及學前教育行政及督導,111學年度第2學期辦理兒童課後照顧服務經費,國立彰化特殊教育學校,"801,656"
112/01/16,國民及學前教育行政及督導,112年度專任專業輔導人員差旅費,國立臺北科技大學附屬桃園農工高級中等學校,"40,000"
112/01/16,國民及學前教育行政及督導,112年度專任專業輔導人員差旅費,國立嘉義高級中學,"10,000"
112/01/16,國民及學前教育行政及督導,112年度專任專業輔導人員差旅費,國立屏東高級中學,"40,000"
112/01/16,國民及學前教育行政及督導,112年度專任專業輔導人員差旅費,國立花蓮女子高級中學,"30,000"
112/01/16,國民及學前教育行政及督導,111學年度偏遠地區及非山非市地區公立高級中等學校學生通學交通費,國立旗美高級中學,"3,298,020"
112/01/16,國民及學前教育行政及督導,111學年度偏遠地區及非山非市地區公立高級中等學校學生通學交通費,國立北門高級中學,"2,124,320"
112/01/16,國民及學前教育行政及督導,111學年度偏遠地區及非山非市地區公立高級中等學校學生通學交通費,國立北門高級農工職業學校,"4,173,444"
112/01/16,國民及學前教育行政及督導,111年度改善或充實國立高級中等學校一般建築及設備,國立西螺高級農工職業學校,"2,000,000"
112/01/16,國民及學前教育行政及督導,111年度改善或充實國立高級中等學校一般建築及設備,國立新竹高級工業職業學校,"2,000,000"
112/01/16,國民及學前教育行政及督導,111年度改善或充實國立高級中等學校一般建築及設備,國立新竹女子高級中學,"1,000,000"
112/01/16,國民及學前教育行政及督導,111年度改善或充實國立高級中等學校一般建築及設備,國立高雄餐旅大學附屬餐旅高級中等學校,"2,500,000"
112/01/16,國民及學前教育行政及督導,111年度改善或充實國立高級中等學校一般建築及設備,國立新竹高級商業職業學校,"2,500,000"
112/01/16,國民及學前教育行政及督導,111年度改善或充實國立高級中等學校一般建築及設備,國立永靖高級工業職業學校,"550,000"
112/01/16,國民及學前教育行政及督導,111年度改善或充實國立高級中等學校一般建築及設備,國立後壁高級中學,"2,500,000"
112/01/16,國民及學前教育行政及督導,111年度改善或充實國立高級中等學校一般建築及設備,國立北門高級農工職業學校,"2,000,000"
112/01/16,國民及學前教育行政及督導,111年度改善或充實國立高級中等學校一般建築及設備,國立北門高級中學,"2,580,000"
112/01/16,國民及學前教育行政及督導,111學年度實施十二年國民基本教育課程預估新增鐘點費,國立嘉義高級工業職業學校,"289,737"
112/01/16,國民及學前教育行政及督導,111學年度實施十二年國民基本教育課程預估新增鐘點費,國立旗美高級中學,"285,768"
112/01/16,國民及學前教育行政及督導,111學年度實施十二年國民基本教育課程預估新增鐘點費,國立羅東高級中學,"436,590"
112/01/16,國民及學前教育行政及督導,111學年度實施十二年國民基本教育課程預估新增鐘點費,國立頭城高級家事商業職業學校,"95,256"
112/01/16,國民及學前教育行政及督導,111學年度實施十二年國民基本教育課程預估新增鐘點費,國立金門高級中學,"557,255"
112/01/16,國民及學前教育行政及督導,111學年度偏遠地區及非山非市地區公立高級中等學校學生通學交通費,國立東港高級海事水產職業學校,"2,644,548"
112/01/17,國民及學前教育行政及督導,高級中等學校111學年度交通安全教育訪視及輔導實施計畫初評績優學校獎助經費,國立南投高級中學,"100,000"
112/01/17,國民及學前教育行政及督導,高級中等學校111學年度交通安全教育訪視及輔導實施計畫初評績優學校獎助經費,國立嘉義女子高級中學,"100,000"
112/01/17,國民及學前教育行政及督導,高級中等學校111學年度交通安全教育訪視及輔導實施計畫初評績優學校獎助經費,國立新竹女子高級中學,"100,000"
112/01/17,國民及學前教育行政及督導,高級中等學校111學年度交通安全教育訪視及輔導實施計畫初評績優學校獎助經費,國立玉里高級中學,"100,000"
112/01/17,國民及學前教育行政及督導,高級中等學校111學年度交通安全教育訪視及輔導實施計畫初評績優學校獎助經費,國立屏東高級工業職業學校,"100,000"
112/01/17,國民及學前教育行政及督導,高級中等學校111學年度交通安全教育訪視及輔導實施計畫初評績優學校獎助經費,國立中興大學附屬台中高級農業職業學校,"100,000"
112/01/17,國民及學前教育行政及督導,高級中等學校111學年度交通安全教育訪視及輔導實施計畫初評績優學校獎助經費,國立新營高級工業職業學校,"100,000"
112/01/17,國民及學前教育行政及督導,高級中等學校111學年度交通安全教育訪視及輔導實施計畫初評績優學校獎助經費,國立彰化高級中學,"100,000"
112/01/17,國民及學前教育行政及督導,高級中等學校111學年度交通安全教育訪視及輔導實施計畫初評績優學校獎助經費,國立蘇澳高級海事水產職業學校,"100,000"
112/01/17,國民及學前教育行政及督導,高級中等學校111學年度交通安全教育訪視及輔導實施計畫初評績優學校獎助經費,國立澎湖高級海事水產職業學校,"100,000"
112/01/17,國民及學前教育行政及督導,111學年度聘任資源班編制外代理教師經費,國立北斗高級家事商業職業學校,"456,605"
112/01/17,國民及學前教育行政及督導,111學年度實施十二年國民基本教育課程預估新增鐘點費,國立台南高級工業職業學校,"349,272"
112/01/17,國民及學前教育行政及督導,111學年度實施十二年國民基本教育課程預估新增鐘點費,國立玉里高級中學,"206,388"
112/01/17,國民及學前教育行政及督導,111學年度實施十二年國民基本教育課程預估新增鐘點費,國立台東專科學校校務基金,"45,864"
112/01/17,國民及學前教育行政及督導,111學年度實施十二年國民基本教育課程預估新增鐘點費,國立金門高級農工職業學校,"43,218"
112/01/17,國民及學前教育行政及督導,111學年度實施十二年國民基本教育課程預估新增鐘點費,國立東港高級海事水產職業學校,"87,318"
112/01/17,國民及學前教育行政及督導,111學年度實施十二年國民基本教育課程預估新增鐘點費,國立員林高級農工職業學校,"301,644"
112/01/17,國民及學前教育行政及督導,112年度教育部學生輔導諮商中心進用臨時專業輔導人員經費,國立新竹女子高級中學,"2,559,315"
112/01/17,國民及學前教育行政及督導,112年度教育部學生輔導諮商中心進用臨時專業輔導人員經費,國立台東高級中學,"863,508"
112/01/17,國民及學前教育行政及督導,112年度教育部學生輔導諮商中心進用臨時專業輔導人員經費,國立嘉義女子高級中學,"2,256,550"
112/01/17,國民及學前教育行政及督導,112年度地方政府暨轄屬學校執行強化校園安全防護工作,國立新竹科學園區實驗高級中等學校,"100,000"
112/01/17,國民及學前教育行政及督導,111學年度十二年國民基本教育課程綱要普通型前導學校計畫,國立臺灣師範大學附屬高級中學,"1,050,000"
112/01/17,國民及學前教育行政及督導,111學年度十二年國民基本教育課程綱要普通型前導學校計畫,國立中山大學附屬國光高級中學,"1,050,000"
112/01/17,國民及學前教育行政及督導,111學年度十二年國民基本教育課程綱要普通型前導學校計畫,國立蘭陽女子高級中學,"1,050,000"
112/01/17,國民及學前教育行政及督導,111學年度十二年國民基本教育課程綱要普通型前導學校計畫,國立羅東高級中學,"1,050,000"
112/01/17,國民及學前教育行政及督導,111學年度十二年國民基本教育課程綱要普通型前導學校計畫,國立潮州高級中學,"1,050,000"
112/01/17,國民及學前教育行政及督導,全民國防教育專案合聘教師實施計畫第2期款,國立北門高級中學,"414,711"
112/01/17,國民及學前教育行政及督導,全民國防教育專案合聘教師實施計畫第2期款,國立新化高級中學,"424,506"
112/01/17,國民及學前教育行政及督導,111學年度第2學期辦理兒童課後照顧服務經費,國立和美實驗學校,"819,804"
112/01/17,國民及學前教育行政及督導,111學年度第2學期辦理兒童課後照顧服務經費,國立基隆特殊教育學校,"357,950"
112/01/17,國民及學前教育行政及督導,111學年度第2學期辦理兒童課後照顧服務經費,國立雲林特殊教育學校,"1,127,669"
112/01/17,國民及學前教育行政及督導,111學年度第2學期辦理兒童課後照顧服務經費,國立臺南特殊教育學校,"1,255,039"
112/01/17,國民及學前教育行政及督導,111學年度第2學期辦理兒童課後照顧服務經費,國立屏東特殊教育學校,"392,943"
112/01/17,國民及學前教育行政及督導,111學年度第2學期辦理兒童課後照顧服務經費,國立臺東大學附屬特殊教育學校,"258,809"
112/01/17,國民及學前教育行政及督導,111年度改善或充實國立高級中等學校一般建築及設備,國立關山高級工商職業學校,"2,200,000"
112/01/17,國民及學前教育行政及督導,111年度改善或充實國立高級中等學校一般建築及設備,國立台南高級商業職業學校,"1,500,000"
112/01/17,國民及學前教育行政及督導,111年度改善或充實國立高級中等學校一般建築及設備,國立水里高級商工職業學校,"3,500,000"
112/01/17,國民及學前教育行政及督導,111年度改善或充實國立高級中等學校一般建築及設備,國立彰化女子高級中學,"3,000,000"
112/01/17,國民及學前教育行政及督導,111年度改善或充實國立高級中等學校一般建築及設備,國立羅東高級商業職業學校,"3,000,000"
112/01/17,國民及學前教育行政及督導,111年度改善或充實國立高級中等學校一般建築及設備,國立臺東大學附屬體育高級中學,"3,000,000"
112/01/17,國民及學前教育行政及督導,111年度改善或充實國立高級中等學校一般建築及設備,國立台南高級工業職業學校,"2,000,000"
112/01/17,國民及學前教育行政及督導,111年度改善或充實國立高級中等學校一般建築及設備,國立斗六高級中學,"2,600,000"
112/01/17,國民及學前教育行政及督導,國立高級中等學校老舊危險電力系統改善計畫(110至112年度),國立金門高級中學,"3,000,000"
112/01/17,國民及學前教育行政及督導,國立高級中等學校老舊危險電力系統改善計畫(110至112年度),國立花蓮高級商業職業學校,"4,000,000"
112/01/17,國民及學前教育行政及督導,國立高級中等學校老舊危險電力系統改善計畫(110至112年度),國立羅東高級商業職業學校,"2,000,000"
112/01/17,國民及學前教育行政及督導,國立高級中等學校老舊危險電力系統改善計畫(110至112年度),國立基隆女子高級中學,"4,000,000"
112/01/17,國民及學前教育行政及督導,國立高級中等學校老舊危險電力系統改善計畫(110至112年度),國立中興大學附屬台中高級農業職業學校,"5,000,000"
112/01/17,國民及學前教育行政及督導,國立高級中等學校老舊危險電力系統改善計畫(110至112年度),國立員林崇實高級工業職業學校,"4,000,000"
112/01/17,國民及學前教育行政及督導,國立高級中等學校老舊危險電力系統改善計畫(110至112年度),國立斗六高級家事商業職業學校,"2,500,000"
112/01/17,國民及學前教育行政及督導,國立高級中等學校老舊危險電力系統改善計畫(110至112年度),國立台南女子高級中學,"2,000,000"
112/01/17,國民及學前教育行政及督導,國立高級中等學校老舊危險電力系統改善計畫(110至112年度),國立旗山高級農工職業學校,"500,000"
112/01/17,國民及學前教育行政及督導,國立高級中等學校老舊危險電力系統改善計畫(110至112年度),國立大湖高級農工職業學校,"1,800,000"
112/01/17,國民及學前教育行政及督導,國立高級中等學校老舊危險電力系統改善計畫(110至112年度),國立卓蘭高級中等學校,"3,900,000"
112/01/17,國民及學前教育行政及督導,國立高級中等學校老舊危險電力系統改善計畫(110至112年度),國立水里高級商工職業學校,"2,000,000"
112/01/17,國民及學前教育行政及督導,國立高級中等學校老舊危險電力系統改善計畫(110至112年度),國立西螺高級農工職業學校,"4,000,000"
112/01/17,國民及學前教育行政及督導,國立高級中等學校老舊危險電力系統改善計畫(110至112年度),國立新營高級工業職業學校,"2,000,000"
112/01/17,國民及學前教育行政及督導,國立高級中等學校老舊危險電力系統改善計畫(110至112年度),國立白河高級商工職業學校,"900,000"
112/01/17,國民及學前教育行政及督導,國立高級中等學校老舊危險電力系統改善計畫(110至112年度),國立潮州高級中學,"600,000"
112/01/17,國民及學前教育行政及督導,111學年度國立高級中等學校聘任資源班行政助理計畫經費,國立台南高級工業職業學校,"405,243"
112/01/17,國民及學前教育行政及督導,111學年度國立高級中等學校聘任資源班行政助理計畫經費,國立嘉義高級工業職業學校,"405,243"
112/01/17,國民及學前教育行政及督導,111學年度國立高級中等學校聘任資源班行政助理計畫經費,國立臺灣海洋大學附屬基隆海事高級中等學校,"405,243"
112/01/17,國民及學前教育行政及督導,111學年度國立高級中等學校聘任資源班行政助理計畫經費,國立新竹高級工業職業學校,"405,243"
112/01/17,國民及學前教育行政及督導,111學年度國立高級中等學校聘任資源班行政助理計畫經費,國立臺灣師範大學附屬高級中學,"385,776"
112/01/17,國民及學前教育行政及督導,111學年度國立高級中等學校聘任資源班行政助理計畫經費,國立虎尾高級農工職業學校,"405,243"
112/01/17,國民及學前教育行政及督導,111學年度國立高級中等學校聘任資源班行政助理計畫經費,國立北港高級農工職業學校,"405,243"
112/01/17,國民及學前教育行政及督導,111學年度國立高級中等學校聘任資源班行政助理計畫經費,國立曾文高級農工職業學校,"405,243"
112/01/17,國民及學前教育行政及督導,111學年度國立高級中等學校聘任資源班行政助理計畫經費,國立北斗高級家事商業職業學校,"382,531"
112/01/17,國民及學前教育行政及督導,111學年度國立高級中等學校聘任資源班行政助理計畫經費,國立羅東高級工業職業學校,"405,243"
112/01/17,國民及學前教育行政及督導,111學年度國立高級中等學校聘任資源班行政助理計畫經費,國立東港高級海事水產職業學校,"405,243"
112/01/17,國民及學前教育行政及督導,111學年度國立高級中等學校聘任資源班行政助理計畫經費,國立羅東高級商業職業學校,"405,243"
112/01/17,國民及學前教育行政及督導,111學年度國立高級中等學校聘任資源班行政助理計畫經費,國立澎湖高級海事水產職業學校,"405,243"
112/01/17,國民及學前教育行政及督導,111學年度國立高級中等學校聘任資源班行政助理計畫經費,國立金門高級農工職業學校,"405,243"
112/01/17,國民及學前教育行政及督導,111學年度國立高級中等學校聘任資源班行政助理計畫經費,國立鳳山高級商工職業學校,"405,243"
112/01/17,國民及學前教育行政及督導,111學年度國立高級中等學校聘任資源班行政助理計畫經費,國立新化高級工業職業學校,"405,243"
112/01/17,國民及學前教育行政及督導,111學年度國立高級中等學校聘任資源班行政助理計畫經費,國立台南高級海事水產職業學校,"405,243"
112/01/17,國民及學前教育行政及督導,111學年度國立高級中等學校聘任資源班行政助理計畫經費,國立二林高級工商職業學校,"405,243"
112/01/17,國民及學前教育行政及督導,111學年度國立高級中等學校聘任資源班行政助理計畫經費,國立土庫高級商工職業學校,"405,243"
112/01/17,國民及學前教育行政及督導,111學年度國立高級中等學校聘任資源班行政助理計畫經費,國立斗六高級家事商業職業學校,"405,243"
112/01/17,國民及學前教育行政及督導,111學年度國立高級中等學校聘任資源班行政助理計畫經費,國立水里高級商工職業學校,"405,243"
112/01/17,國民及學前教育行政及督導,111學年度國立高級中等學校聘任資源班行政助理計畫經費,國立華僑高級中學,"382,531"
112/01/17,國民及學前教育行政及督導,111學年度國立高級中等學校聘任資源班行政助理計畫經費,國立苗栗高級商業職業學校,"405,243"
112/01/17,國民及學前教育行政及督導,111學年度國立高級中等學校聘任資源班行政助理計畫經費,國立草屯高級商工職業學校,"405,243"
112/01/17,國民及學前教育行政及督導,111學年度國立高級中等學校聘任資源班行政助理計畫經費,國立鳳山高級中學,"405,243"
112/01/17,國民及學前教育行政及督導,111學年度國立高級中等學校聘任資源班行政助理計畫經費,國立嘉義高級商業職業學校,"382,531"
112/01/17,國民及學前教育行政及督導,111學年度國立高級中等學校聘任資源班行政助理計畫經費,國立暨南大學附屬高級中學,"405,243"
112/01/17,國民及學前教育行政及督導,111學年度國立高級中等學校聘任資源班行政助理計畫經費,國立竹山高級中學,"382,531"
112/01/17,國民及學前教育行政及督導,111學年度國立高級中等學校聘任資源班行政助理計畫經費,國立台南第二高級中學,"405,243"
112/01/17,國民及學前教育行政及督導,111學年度國立高級中等學校聘任資源班行政助理計畫經費,國立中央大學附屬中壢高級中學,"405,243"
112/01/17,國民及學前教育行政及督導,111學年度國立高級中等學校聘任資源班行政助理計畫經費,國立鳳新高級中學,"348,760"
112/01/17,國民及學前教育行政及督導,分攤臺灣海洋教育中心112年度計畫經費,教育部,"3,000,000"
112/01/18,國民及學前教育行政及督導,112年度國民中小學閱讀推動計畫經費,國立南科國際實驗高級中學,"40,000"
112/01/18,國民及學前教育行政及督導,112年度國民中小學閱讀推動計畫經費,國立屏東大學附設實驗國民小學,"20,000"
112/01/18,國民及學前教育行政及督導,112年度國民中小學閱讀推動計畫經費,國立政治大學附屬高級中學,"20,000"
112/01/18,國民及學前教育行政及督導,112年度國民中小學閱讀推動計畫經費,國立臺灣戲曲學院,"20,000"
112/01/18,國民及學前教育行政及督導,111學年度實施十二年國民基本教育課程預估新增鐘點費,國立台南高級商業職業學校,"321,489"
112/01/18,國民及學前教育行政及督導,111學年度實施十二年國民基本教育課程預估新增鐘點費,國立白河高級商工職業學校,"18,522"
112/01/18,國民及學前教育行政及督導,111學年度實施十二年國民基本教育課程預估新增鐘點費,國立內埔高級農工職業學校,"130,536"
112/01/18,國民及學前教育行政及督導,111學年度實施十二年國民基本教育課程預估新增鐘點費,國立花蓮高級工業職業學校,"265,923"
112/01/18,國民及學前教育行政及督導,111學年度技術型及綜合型高級中等學校十二年國民基本教育課程綱要前導學校工作計畫,國立臺北科技大學附屬桃園農工高級中等學校,"750,000"
112/01/18,國民及學前教育行政及督導,111學年度技術型及綜合型高級中等學校十二年國民基本教育課程綱要前導學校工作計畫,國立花蓮高級農業職業學校,"750,000"
112/01/18,國民及學前教育行政及督導,111學年度技術型及綜合型高級中等學校十二年國民基本教育課程綱要前導學校工作計畫,國立北門高級農工職業學校,"800,000"
112/01/18,國民及學前教育行政及督導,111學年度辦理非營利幼兒園相關業務經費,國家科學及技術委員會南部科學園區管理局,"200,000"
112/01/19,國民及學前教育行政及督導,112年臨時約聘職業輔導員經費,國立白河高級商工職業學校,"602,939"
112/01/19,國民及學前教育行政及督導,112年臨時約聘職業輔導員經費,國立臺南特殊教育學校,"576,939"
112/01/19,國民及學前教育行政及督導,111學年度第2學期辦理兒童課後暨寒暑假照顧經費,國立嘉義特教學校,"1,126,779"
112/01/19,國民及學前教育行政及督導,111學年度第2學期辦理兒童課後暨寒暑假照顧經費,國立臺南大學附屬啟聰學校,"271,020"
112/01/19,國民及學前教育行政及督導,111學年度第2學期辦理兒童課後暨寒暑假照顧經費,國立花蓮特殊教育學校,"711,556"
112/01/19,國民及學前教育行政及督導,112年臨時約聘職業輔導員經費,國立台南高級工業職業學校,"590,000"
112/01/19,國民及學前教育行政及督導,112年臨時約聘職業輔導員經費,國立岡山高級農工職業學校,"600,120"
112/01/19,國民及學前教育行政及督導,群英堂環境改善計畫,國立台南第一高級中學,"4,400,000"
112/01/19,國民及學前教育行政及督導,國立高級中等學校老舊危險電力系統改善計畫(110至112年度),國立基隆高級中學,"3,000,000"
112/01/19,國民及學前教育行政及督導,國立高級中等學校老舊危險電力系統改善計畫(110至112年度),國立彰化高級中學,"2,500,000"
112/01/19,國民及學前教育行政及督導,國立高級中等學校老舊危險電力系統改善計畫(110至112年度),國立內埔高級農工職業學校,"2,800,000"
112/01/19,國民及學前教育行政及督導,國立高級中等學校老舊危險電力系統改善計畫(110至112年度),國立北港高級農工職業學校,"3,000,000"
112/01/19,國民及學前教育行政及督導,國立高級中等學校老舊危險電力系統改善計畫(110至112年度),國立後壁高級中學,"2,900,000"
112/01/19,國民及學前教育行政及督導,教學環境及設施設備改善,國立台南第一高級中學,"4,000,000"
112/01/19,國民及學前教育行政及督導,111學年度實施十二年國民基本教育課程預估新增鐘點費,國立苗栗高級農工職業學校,"261,954"
112/01/19,國民及學前教育行政及督導,111學年度實施十二年國民基本教育課程預估新增鐘點費,國立暨南大學附屬高級中學,"238,140"
112/01/19,國民及學前教育行政及督導,111學年度實施十二年國民基本教育課程預估新增鐘點費,國立台南第一高級中學,"556,227"
112/01/19,國民及學前教育行政及督導,111學年度實施十二年國民基本教育課程預估新增鐘點費,國立潮州高級中學,"264,600"
112/01/19,國民及學前教育行政及督導,112年度高級中等學校學習歷程紀錄模組維運費,國立宜蘭高級中學,"12,000"
112/01/19,國民及學前教育行政及督導,112年度高級中等學校學習歷程紀錄模組維運費,國立北港高級農工職業學校,"13,500"
112/01/19,國民及學前教育行政及督導,112年度高級中等學校學習歷程紀錄模組維運費,國立曾文高級家事商業職業學校,"14,000"
112/01/19,國民及學前教育行政及督導,112年度高級中等學校學習歷程紀錄模組維運費,國立嘉義高級商業職業學校,"25,500"
112/01/19,國民及學前教育行政及督導,112年度高級中等學校學習歷程紀錄模組維運費,國立花蓮女子高級中學,"14,000"
112/01/19,國民及學前教育行政及督導,112年度高級中等學校學習歷程紀錄模組維運費,國立台東專科學校校務基金,"14,000"
112/01/19,國民及學前教育行政及督導,112年度高級中等學校學習歷程紀錄模組維運費,國立北門高級中學,"14,000"
112/01/19,國民及學前教育行政及督導,112年度高級中等學校學習歷程紀錄模組維運費,國立中央大學附屬中壢高級中學,"14,000"
112/01/19,國民及學前教育行政及督導,112年度高級中等學校學習歷程紀錄模組維運費,國立臺東大學附屬體育高級中學,"14,000"
112/01/19,國民及學前教育行政及督導,112年度高級中等學校學習歷程紀錄模組維運費,國立成功大學,"12,000"
112/01/19,國民及學前教育行政及督導,112年度高級中等學校學習歷程紀錄模組維運費,國立後壁高級中學,"12,000"
112/01/19,國民及學前教育行政及督導,112年度高級中等學校學習歷程紀錄模組維運費,國立金門高級農工職業學校,"24,000"
112/01/01,國立高級中等學校教學與訓輔輔助,大額通報教補12月30日-112年1月份校務基金學校薪資,國立嘉義高級中學,"14,011,000"
112/01/01,國立高級中等學校教學與訓輔輔助,大額通報教補12月30日-112年1月份校務基金學校薪資,國立東石高級中學,"9,656,000"
112/01/01,國立高級中等學校教學與訓輔輔助,大額通報教補12月30日-112年1月份校務基金學校薪資,國立新港藝術高級中學,"3,926,000"
112/01/01,國立高級中等學校教學與訓輔輔助,大額通報教補12月30日-112年1月份校務基金學校薪資,國立嘉義女子高級中學,"11,600,000"
112/01/01,國立高級中等學校教學與訓輔輔助,大額通報教補12月30日-112年1月份校務基金學校薪資,國立嘉義高級工業職業學校,"21,595,000"
112/01/01,國立高級中等學校教學與訓輔輔助,大額通報教補12月30日-112年1月份校務基金學校薪資,國立嘉義高級商業職業學校,"12,640,000"
112/01/01,國立高級中等學校教學與訓輔輔助,大額通報教補12月30日-112年1月份校務基金學校薪資,國立華南高級商業職業學校,"9,841,000"
112/01/01,國立高級中等學校教學與訓輔輔助,大額通報教補12月30日-112年1月份校務基金學校薪資,國立民雄高級農工職業學校,"10,897,000"
112/01/01,國立高級中等學校教學與訓輔輔助,大額通報教補12月30日-112年1月份校務基金學校薪資,國立嘉義高級家事職業學校,"9,200,000"
112/01/01,國立高級中等學校教學與訓輔輔助,大額通報教補12月30日-112年1月份校務基金學校薪資,國立斗六高級中學,"10,826,000"
112/01/01,國立高級中等學校教學與訓輔輔助,大額通報教補12月30日-112年1月份校務基金學校薪資,國立虎尾高級中學,"9,000,000"
112/01/01,國立高級中等學校教學與訓輔輔助,大額通報教補12月30日-112年1月份校務基金學校薪資,國立北港高級中學,"10,100,000"
112/01/01,國立高級中等學校教學與訓輔輔助,大額通報教補12月30日-112年1月份校務基金學校薪資,國立西螺高級農工職業學校,"12,011,000"
112/01/01,國立高級中等學校教學與訓輔輔助,大額通報教補12月30日-112年1月份校務基金學校薪資,國立虎尾高級農工職業學校,"13,000,000"
112/01/01,國立高級中等學校教學與訓輔輔助,大額通報教補12月30日-112年1月份校務基金學校薪資,國立北港高級農工職業學校,"8,600,000"
112/01/01,國立高級中等學校教學與訓輔輔助,大額通報教補12月30日-112年1月份校務基金學校薪資,國立土庫高級商工職業學校,"8,048,000"
112/01/01,國立高級中等學校教學與訓輔輔助,大額通報教補12月30日-112年1月份校務基金學校薪資,國立斗六高級家事商業職業學校,"7,795,000"
112/01/01,國立高級中等學校教學與訓輔輔助,大額通報教補12月30日-112年1月份校務基金學校薪資,國立基隆高級中學,"7,700,000"
112/01/01,國立高級中等學校教學與訓輔輔助,大額通報教補12月30日-112年1月份校務基金學校薪資,國立臺灣師範大學附屬高級中學,"22,800,000"
112/01/01,國立高級中等學校教學與訓輔輔助,大額通報教補12月30日-112年1月份校務基金學校薪資,國立政治大學附屬高級中學,"7,500,000"
112/01/01,國立高級中等學校教學與訓輔輔助,大額通報教補12月30日-112年1月份校務基金學校薪資,國立華僑高級中學,"13,000,000"
112/01/01,國立高級中等學校教學與訓輔輔助,大額通報教補12月30日-112年1月份校務基金學校薪資,國立中央大學附屬中壢高級中學,"13,083,000"
112/01/01,國立高級中等學校教學與訓輔輔助,大額通報教補12月30日-112年1月份校務基金學校薪資,國立新竹高級中學,"12,600,000"
112/01/01,國立高級中等學校教學與訓輔輔助,大額通報教補12月30日-112年1月份校務基金學校薪資,國立竹東高級中學,"11,500,000"
112/01/01,國立高級中等學校教學與訓輔輔助,大額通報教補12月30日-112年1月份校務基金學校薪資,國立竹北高級中學,"16,000,000"
112/01/01,國立高級中等學校教學與訓輔輔助,大額通報教補12月30日-112年1月份校務基金學校薪資,國立關西高級中學,"7,600,000"
112/01/01,國立高級中等學校教學與訓輔輔助,大額通報教補12月30日-112年1月份校務基金學校薪資,國立苗栗高級中學,"9,000,000"
112/01/01,國立高級中等學校教學與訓輔輔助,大額通報教補12月30日-112年1月份校務基金學校薪資,國立竹南高級中學,"11,171,000"
112/01/01,國立高級中等學校教學與訓輔輔助,大額通報教補12月30日-112年1月份校務基金學校薪資,國立卓蘭高級中等學校,"11,000,000"
112/01/01,國立高級中等學校教學與訓輔輔助,大額通報教補12月30日-112年1月份校務基金學校薪資,國立苑裡高級中學,"8,711,000"
112/01/01,國立高級中等學校教學與訓輔輔助,大額通報教補12月30日-112年1月份校務基金學校薪資,國立基隆女子高級中學,"10,000,000"
112/01/01,國立高級中等學校教學與訓輔輔助,大額通報教補12月30日-112年1月份校務基金學校薪資,國立新竹女子高級中學,"13,250,000"
112/01/01,國立高級中等學校教學與訓輔輔助,大額通報教補12月30日-112年1月份校務基金學校薪資,國立新竹高級工業職業學校,"12,288,000"
112/01/01,國立高級中等學校教學與訓輔輔助,大額通報教補12月30日-112年1月份校務基金學校薪資,國立新竹高級商業職業學校,"9,600,000"
112/01/01,國立高級中等學校教學與訓輔輔助,大額通報教補12月30日-112年1月份校務基金學校薪資,國立苗栗高級商業職業學校,"7,750,000"
112/01/01,國立高級中等學校教學與訓輔輔助,大額通報教補12月30日-112年1月份校務基金學校薪資,國立臺北科技大學附屬桃園農工高級中等學校,"19,344,000"
112/01/01,國立高級中等學校教學與訓輔輔助,大額通報教補12月30日-112年1月份校務基金學校薪資,國立苗栗高級農工職業學校,"13,906,000"
112/01/01,國立高級中等學校教學與訓輔輔助,大額通報教補12月30日-112年1月份校務基金學校薪資,國立大湖高級農工職業學校,"8,200,000"
112/01/01,國立高級中等學校教學與訓輔輔助,大額通報教補12月30日-112年1月份校務基金學校薪資,國立基隆高級商工職業學校,"14,000,000"
112/01/01,國立高級中等學校教學與訓輔輔助,大額通報教補12月30日-112年1月份校務基金學校薪資,國立臺灣海洋大學附屬基隆海事高級中等學校,"14,000,000"
112/01/01,國立高級中等學校教學與訓輔輔助,大額通報教補12月30日-112年1月份校務基金學校薪資,國立中興大學附屬高級中學,"12,000,000"
112/01/01,國立高級中等學校教學與訓輔輔助,大額通報教補12月30日-112年1月份校務基金學校薪資,國立彰化高級中學,"15,752,000"
112/01/01,國立高級中等學校教學與訓輔輔助,大額通報教補12月30日-112年1月份校務基金學校薪資,國立員林高級中學,"10,264,000"
112/01/01,國立高級中等學校教學與訓輔輔助,大額通報教補12月30日-112年1月份校務基金學校薪資,國立鹿港高級中學,"10,550,000"
112/01/01,國立高級中等學校教學與訓輔輔助,大額通報教補12月30日-112年1月份校務基金學校薪資,國立溪湖高級中學,"10,647,000"
112/01/01,國立高級中等學校教學與訓輔輔助,大額通報教補12月30日-112年1月份校務基金學校薪資,國立屏東高級中學,"13,896,000"
112/01/01,國立高級中等學校教學與訓輔輔助,大額通報教補12月30日-112年1月份校務基金學校薪資,國立屏北高級中學,"8,000,000"
112/01/01,國立高級中等學校教學與訓輔輔助,大額通報教補12月30日-112年1月份校務基金學校薪資,國立潮州高級中學,"8,690,000"
112/01/01,國立高級中等學校教學與訓輔輔助,大額通報教補12月30日-112年1月份校務基金學校薪資,國立彰化女子高級中學,"10,245,000"
112/01/01,國立高級中等學校教學與訓輔輔助,大額通報教補12月30日-112年1月份校務基金學校薪資,國立屏東女子高級中學,"13,800,000"
112/01/01,國立高級中等學校教學與訓輔輔助,大額通報教補12月30日-112年1月份校務基金學校薪資,國立員林崇實高級工業職業學校,"10,400,000"
112/01/01,國立高級中等學校教學與訓輔輔助,大額通報教補12月30日-112年1月份校務基金學校薪資,國立永靖高級工業職業學校,"10,500,000"
112/01/01,國立高級中等學校教學與訓輔輔助,大額通報教補12月30日-112年1月份校務基金學校薪資,國立秀水高級工業職業學校,"12,147,000"
112/01/01,國立高級中等學校教學與訓輔輔助,大額通報教補12月30日-112年1月份校務基金學校薪資,國立彰化師範大學附屬高級工業職業學校,"20,275,000"
112/01/01,國立高級中等學校教學與訓輔輔助,大額通報教補12月30日-112年1月份校務基金學校薪資,國立屏東高級工業職業學校,"16,100,000"
112/01/01,國立高級中等學校教學與訓輔輔助,大額通報教補12月30日-112年1月份校務基金學校薪資,國立中興大學附屬台中高級農業職業學校,"16,500,000"
112/01/01,國立高級中等學校教學與訓輔輔助,大額通報教補12月30日-112年1月份校務基金學校薪資,國立佳冬高級農業職業學校,"10,000,000"
112/01/01,國立高級中等學校教學與訓輔輔助,大額通報教補12月30日-112年1月份校務基金學校薪資,國立彰化高級商業職業學校,"16,000,000"
112/01/01,國立高級中等學校教學與訓輔輔助,大額通報教補12月30日-112年1月份校務基金學校薪資,國立員林高級農工職業學校,"12,000,000"
112/01/01,國立高級中等學校教學與訓輔輔助,大額通報教補12月30日-112年1月份校務基金學校薪資,國立內埔高級農工職業學校,"9,700,000"
112/01/01,國立高級中等學校教學與訓輔輔助,大額通報教補12月30日-112年1月份校務基金學校薪資,國立二林高級工商職業學校,"13,636,000"
112/01/01,國立高級中等學校教學與訓輔輔助,大額通報教補12月30日-112年1月份校務基金學校薪資,國立恆春高級工商職業學校,"9,015,000"
112/01/01,國立高級中等學校教學與訓輔輔助,大額通報教補12月30日-112年1月份校務基金學校薪資,國立員林高級家事商業職業學校,"9,636,000"
112/01/01,國立高級中等學校教學與訓輔輔助,大額通報教補12月30日-112年1月份校務基金學校薪資,國立北斗高級家事商業職業學校,"10,590,000"
112/01/01,國立高級中等學校教學與訓輔輔助,大額通報教補12月30日-112年1月份校務基金學校薪資,國立東港高級海事水產職業學校,"9,116,000"
112/01/01,國立高級中等學校教學與訓輔輔助,大額通報教補12月30日-112年1月份校務基金學校薪資,國立台東高級中學,"7,888,000"
112/01/01,國立高級中等學校教學與訓輔輔助,大額通報教補12月30日-112年1月份校務基金學校薪資,國立臺東大學附屬體育高級中學,"5,800,000"
112/01/01,國立高級中等學校教學與訓輔輔助,大額通報教補12月30日-112年1月份校務基金學校薪資,國立台東女子高級中學,"7,800,000"
112/01/01,國立高級中等學校教學與訓輔輔助,大額通報教補12月30日-112年1月份校務基金學校薪資,國立台東高級商業職業學校,"9,200,000"
112/01/01,國立高級中等學校教學與訓輔輔助,大額通報教補12月30日-112年1月份校務基金學校薪資,國立關山高級工商職業學校,"6,200,000"
112/01/01,國立高級中等學校教學與訓輔輔助,大額通報教補12月30日-112年1月份校務基金學校薪資,國立成功商業水產職業學校,"4,500,000"
112/01/01,國立高級中等學校教學與訓輔輔助,大額通報教補12月30日-112年1月份校務基金學校薪資,國立花蓮高級中學,"8,372,000"
112/01/01,國立高級中等學校教學與訓輔輔助,大額通報教補12月30日-112年1月份校務基金學校薪資,國立玉里高級中學,"8,750,000"
112/01/01,國立高級中等學校教學與訓輔輔助,大額通報教補12月30日-112年1月份校務基金學校薪資,國立花蓮女子高級中學,"7,600,000"
112/01/01,國立高級中等學校教學與訓輔輔助,大額通報教補12月30日-112年1月份校務基金學校薪資,國立花蓮高級工業職業學校,"12,922,000"
112/01/01,國立高級中等學校教學與訓輔輔助,大額通報教補12月30日-112年1月份校務基金學校薪資,國立花蓮高級農業職業學校,"11,000,000"
112/01/01,國立高級中等學校教學與訓輔輔助,大額通報教補12月30日-112年1月份校務基金學校薪資,國立花蓮高級商業職業學校,"8,500,000"
112/01/01,國立高級中等學校教學與訓輔輔助,大額通報教補12月30日-112年1月份校務基金學校薪資,國立光復高級商工職業學校,"5,200,000"
112/01/01,國立高級中等學校教學與訓輔輔助,大額通報教補12月30日-112年1月份校務基金學校薪資,國立馬公高級中學,"11,389,000"
112/01/01,國立高級中等學校教學與訓輔輔助,大額通報教補12月30日-112年1月份校務基金學校薪資,國立金門高級中學,"8,790,000"
112/01/01,國立高級中等學校教學與訓輔輔助,大額通報教補12月30日-112年1月份校務基金學校薪資,國立馬祖高級中學,"5,355,000"
112/01/01,國立高級中等學校教學與訓輔輔助,大額通報教補12月30日-112年1月份校務基金學校薪資,國立金門高級農工職業學校,"11,096,000"
112/01/01,國立高級中等學校教學與訓輔輔助,大額通報教補12月30日-112年1月份校務基金學校薪資,國立澎湖高級海事水產職業學校,"12,509,000"
112/01/01,國立高級中等學校教學與訓輔輔助,大額通報教補12月30日-112年1月份校務基金學校薪資,國立南投高級中學,"12,000,000"
112/01/01,國立高級中等學校教學與訓輔輔助,大額通報教補12月30日-112年1月份校務基金學校薪資,國立暨南大學附屬高級中學,"9,800,000"
112/01/01,國立高級中等學校教學與訓輔輔助,大額通報教補12月30日-112年1月份校務基金學校薪資,國立竹山高級中學,"10,370,000"
112/01/01,國立高級中等學校教學與訓輔輔助,大額通報教補12月30日-112年1月份校務基金學校薪資,國立中興高級中學,"8,678,000"
112/01/01,國立高級中等學校教學與訓輔輔助,大額通報教補12月30日-112年1月份校務基金學校薪資,國立埔里高級工業職業學校,"9,685,000"
112/01/01,國立高級中等學校教學與訓輔輔助,大額通報教補12月30日-112年1月份校務基金學校薪資,國立仁愛高級農業職業學校,"5,700,000"
112/01/01,國立高級中等學校教學與訓輔輔助,大額通報教補12月30日-112年1月份校務基金學校薪資,國立南投高級商業職業學校,"9,000,000"
112/01/01,國立高級中等學校教學與訓輔輔助,大額通報教補12月30日-112年1月份校務基金學校薪資,國立草屯高級商工職業學校,"12,588,000"
112/01/01,國立高級中等學校教學與訓輔輔助,大額通報教補12月30日-112年1月份校務基金學校薪資,國立水里高級商工職業學校,"9,363,000"
112/01/01,國立高級中等學校教學與訓輔輔助,大額通報教補12月30日-112年1月份校務基金學校薪資,國立宜蘭高級中學,"9,741,000"
112/01/01,國立高級中等學校教學與訓輔輔助,大額通報教補12月30日-112年1月份校務基金學校薪資,國立羅東高級中學,"9,945,000"
112/01/01,國立高級中等學校教學與訓輔輔助,大額通報教補12月30日-112年1月份校務基金學校薪資,國立蘭陽女子高級中學,"11,500,000"
112/01/01,國立高級中等學校教學與訓輔輔助,大額通報教補12月30日-112年1月份校務基金學校薪資,國立羅東高級工業職業學校,"12,105,000"
112/01/01,國立高級中等學校教學與訓輔輔助,大額通報教補12月30日-112年1月份校務基金學校薪資,國立宜蘭高級商業職業學校,"11,400,000"
112/01/01,國立高級中等學校教學與訓輔輔助,大額通報教補12月30日-112年1月份校務基金學校薪資,國立羅東高級商業職業學校,"10,000,000"
112/01/01,國立高級中等學校教學與訓輔輔助,大額通報教補12月30日-112年1月份校務基金學校薪資,國立頭城高級家事商業職業學校,"12,844,000"
112/01/01,國立高級中等學校教學與訓輔輔助,大額通報教補12月30日-112年1月份校務基金學校薪資,國立蘇澳高級海事水產職業學校,"11,500,000"
112/01/01,國立高級中等學校教學與訓輔輔助,大額通報教補12月30日-112年1月份校務基金學校薪資,國立高雄師範大學附屬高級中學,"9,300,000"
112/01/01,國立高級中等學校教學與訓輔輔助,大額通報教補12月30日-112年1月份校務基金學校薪資,國立中山大學附屬國光高級中學,"10,000,000"
112/01/01,國立高級中等學校教學與訓輔輔助,大額通報教補12月30日-112年1月份校務基金學校薪資,國立岡山高級中學,"9,282,000"
112/01/01,國立高級中等學校教學與訓輔輔助,大額通報教補12月30日-112年1月份校務基金學校薪資,國立鳳山高級中學,"13,500,000"
112/01/01,國立高級中等學校教學與訓輔輔助,大額通報教補12月30日-112年1月份校務基金學校薪資,國立鳳新高級中學,"12,216,000"
112/01/01,國立高級中等學校教學與訓輔輔助,大額通報教補12月30日-112年1月份校務基金學校薪資,國立旗美高級中學,"6,400,000"
112/01/01,國立高級中等學校教學與訓輔輔助,大額通報教補12月30日-112年1月份校務基金學校薪資,國立岡山高級農工職業學校,"15,000,000"
112/01/01,國立高級中等學校教學與訓輔輔助,大額通報教補12月30日-112年1月份校務基金學校薪資,國立旗山高級農工職業學校,"12,500,000"
112/01/01,國立高級中等學校教學與訓輔輔助,大額通報教補12月30日-112年1月份校務基金學校薪資,國立鳳山高級商工職業學校,"19,000,000"
112/01/01,國立高級中等學校教學與訓輔輔助,大額通報教補12月30日-112年1月份校務基金學校薪資,國立高雄餐旅大學附屬餐旅高級中等學校,"3,830,000"
112/01/01,國立高級中等學校教學與訓輔輔助,大額通報教補12月30日-112年1月份校務基金學校薪資,國立臺南大學附屬啟聰學校,"7,114,000"
112/01/01,國立高級中等學校教學與訓輔輔助,大額通報教補12月30日-112年1月份校務基金學校薪資,國立和美實驗學校,"10,200,000"
112/01/01,國立高級中等學校教學與訓輔輔助,大額通報教補12月30日-112年1月份校務基金學校薪資,國立彰化特殊教育學校,"10,050,000"
112/01/01,國立高級中等學校教學與訓輔輔助,大額通報教補12月30日-112年1月份校務基金學校薪資,國立嘉義特教學校,"7,505,000"
112/01/01,國立高級中等學校教學與訓輔輔助,大額通報教補12月30日-112年1月份校務基金學校薪資,國立臺南特殊教育學校,"8,632,000"
112/01/01,國立高級中等學校教學與訓輔輔助,大額通報教補12月30日-112年1月份校務基金學校薪資,國立花蓮特殊教育學校,"5,250,000"
112/01/01,國立高級中等學校教學與訓輔輔助,大額通報教補12月30日-112年1月份校務基金學校薪資,國立宜蘭特殊教育學校,"4,500,000"
112/01/01,國立高級中等學校教學與訓輔輔助,大額通報教補12月30日-112年1月份校務基金學校薪資,國立苗栗特殊教育學校,"4,637,000"
112/01/01,國立高級中等學校教學與訓輔輔助,大額通報教補12月30日-112年1月份校務基金學校薪資,國立雲林特殊教育學校,"5,819,000"
112/01/01,國立高級中等學校教學與訓輔輔助,大額通報教補12月30日-112年1月份校務基金學校薪資,國立基隆特殊教育學校,"4,800,000"
112/01/01,國立高級中等學校教學與訓輔輔助,大額通報教補12月30日-112年1月份校務基金學校薪資,國立屏東特殊教育學校,"4,500,000"
112/01/01,國立高級中等學校教學與訓輔輔助,大額通報教補12月30日-112年1月份校務基金學校薪資,國立新竹特殊教育學校,"5,524,000"
112/01/01,國立高級中等學校教學與訓輔輔助,大額通報教補12月30日-112年1月份校務基金學校薪資,國立臺東大學附屬特殊教育學校,"3,628,000"
112/01/01,國立高級中等學校教學與訓輔輔助,大額通報教補12月30日-112年1月份校務基金學校薪資,國立南投特殊教育學校,"5,000,000"
112/01/01,國立高級中等學校教學與訓輔輔助,大額通報教補12月30日-112年1月份校務基金學校薪資,國立新營高級中學,"9,647,000"
112/01/01,國立高級中等學校教學與訓輔輔助,大額通報教補12月30日-112年1月份校務基金學校薪資,國立後壁高級中學,"9,375,000"
112/01/01,國立高級中等學校教學與訓輔輔助,大額通報教補12月30日-112年1月份校務基金學校薪資,國立新化高級中學,"8,030,000"
112/01/01,國立高級中等學校教學與訓輔輔助,大額通報教補12月30日-112年1月份校務基金學校薪資,國立新豐高級中學,"8,480,000"
112/01/01,國立高級中等學校教學與訓輔輔助,大額通報教補12月30日-112年1月份校務基金學校薪資,國立北門高級中學,"7,200,000"
112/01/01,國立高級中等學校教學與訓輔輔助,大額通報教補12月30日-112年1月份校務基金學校薪資,國立善化高級中學,"7,455,000"
112/01/01,國立高級中等學校教學與訓輔輔助,大額通報教補12月30日-112年1月份校務基金學校薪資,國立臺南大學附屬高級中學,"11,459,000"
112/01/01,國立高級中等學校教學與訓輔輔助,大額通報教補12月30日-112年1月份校務基金學校薪資,國立台南第一高級中學,"13,319,000"
112/01/01,國立高級中等學校教學與訓輔輔助,大額通報教補12月30日-112年1月份校務基金學校薪資,國立台南第二高級中學,"11,764,000"
112/01/01,國立高級中等學校教學與訓輔輔助,大額通報教補12月30日-112年1月份校務基金學校薪資,國立台南女子高級中學,"12,918,000"
112/01/01,國立高級中等學校教學與訓輔輔助,大額通報教補12月30日-112年1月份校務基金學校薪資,國立台南家齊高級中學,"12,000,000"
112/01/01,國立高級中等學校教學與訓輔輔助,大額通報教補12月30日-112年1月份校務基金學校薪資,國立台南高級工業職業學校,"20,257,000"
112/01/01,國立高級中等學校教學與訓輔輔助,大額通報教補12月30日-112年1月份校務基金學校薪資,國立新營高級工業職業學校,"11,439,000"
112/01/01,國立高級中等學校教學與訓輔輔助,大額通報教補12月30日-112年1月份校務基金學校薪資,國立新化高級工業職業學校,"10,374,000"
112/01/01,國立高級中等學校教學與訓輔輔助,大額通報教補12月30日-112年1月份校務基金學校薪資,國立台南高級商業職業學校,"14,000,000"
112/01/01,國立高級中等學校教學與訓輔輔助,大額通報教補12月30日-112年1月份校務基金學校薪資,國立曾文高級農工職業學校,"13,400,000"
112/01/01,國立高級中等學校教學與訓輔輔助,大額通報教補12月30日-112年1月份校務基金學校薪資,國立北門高級農工職業學校,"13,670,000"
112/01/01,國立高級中等學校教學與訓輔輔助,大額通報教補12月30日-112年1月份校務基金學校薪資,國立白河高級商工職業學校,"8,000,000"
112/01/01,國立高級中等學校教學與訓輔輔助,大額通報教補12月30日-112年1月份校務基金學校薪資,國立玉井高級工商職業學校,"7,622,000"
112/01/01,國立高級中等學校教學與訓輔輔助,大額通報教補12月30日-112年1月份校務基金學校薪資,國立曾文高級家事商業職業學校,"8,000,000"
112/01/01,國立高級中等學校教學與訓輔輔助,大額通報教補12月30日-112年1月份校務基金學校薪資,國立台南高級海事水產職業學校,"8,350,000"
112/01/03,國立高級中等學校教學與訓輔輔助,大額通報教補1月5日-111年校務基金學校經常門經費-1,國立馬公高級中學,"31,461,000"
112/01/03,國立高級中等學校教學與訓輔輔助,大額通報教補1月5日-111年校務基金學校經常門經費-1,國立金門高級中學,"22,727,000"
112/01/03,國立高級中等學校教學與訓輔輔助,大額通報教補1月5日-111年校務基金學校經常門經費-1,國立馬祖高級中學,"12,433,000"
112/01/03,國立高級中等學校教學與訓輔輔助,大額通報教補1月5日-111年校務基金學校經常門經費-1,國立金門高級農工職業學校,"30,328,000"
112/01/03,國立高級中等學校教學與訓輔輔助,大額通報教補1月5日-111年校務基金學校經常門經費-1,國立澎湖高級海事水產職業學校,"32,046,000"
112/01/03,國立高級中等學校教學與訓輔輔助,大額通報教補1月5日-112年校務基金學校經常門經費-1,國立嘉義高級中學,"37,313,000"
112/01/03,國立高級中等學校教學與訓輔輔助,大額通報教補1月5日-112年校務基金學校經常門經費-1,國立東石高級中學,"28,786,000"
112/01/03,國立高級中等學校教學與訓輔輔助,大額通報教補1月5日-112年校務基金學校經常門經費-1,國立新港藝術高級中學,"10,345,000"
112/01/03,國立高級中等學校教學與訓輔輔助,大額通報教補1月5日-112年校務基金學校經常門經費-1,國立嘉義女子高級中學,"28,073,000"
112/01/03,國立高級中等學校教學與訓輔輔助,大額通報教補1月5日-112年校務基金學校經常門經費-1,國立嘉義高級工業職業學校,"50,412,000"
112/01/03,國立高級中等學校教學與訓輔輔助,大額通報教補1月5日-112年校務基金學校經常門經費-1,國立嘉義高級商業職業學校,"29,267,000"
112/01/03,國立高級中等學校教學與訓輔輔助,大額通報教補1月5日-112年校務基金學校經常門經費-1,國立華南高級商業職業學校,"26,215,000"
112/01/03,國立高級中等學校教學與訓輔輔助,大額通報教補1月5日-112年校務基金學校經常門經費-1,國立民雄高級農工職業學校,"30,064,000"
112/01/03,國立高級中等學校教學與訓輔輔助,大額通報教補1月5日-112年校務基金學校經常門經費-1,國立嘉義高級家事職業學校,"23,200,000"
112/01/03,國立高級中等學校教學與訓輔輔助,大額通報教補1月5日-112年校務基金學校經常門經費-1,國立斗六高級中學,"31,284,000"
112/01/03,國立高級中等學校教學與訓輔輔助,大額通報教補1月5日-112年校務基金學校經常門經費-1,國立虎尾高級中學,"26,082,000"
112/01/03,國立高級中等學校教學與訓輔輔助,大額通報教補1月5日-112年校務基金學校經常門經費-1,國立北港高級中學,"21,500,000"
112/01/03,國立高級中等學校教學與訓輔輔助,大額通報教補1月5日-112年校務基金學校經常門經費-1,國立西螺高級農工職業學校,"35,353,000"
112/01/03,國立高級中等學校教學與訓輔輔助,大額通報教補1月5日-112年校務基金學校經常門經費-1,國立虎尾高級農工職業學校,"32,410,000"
112/01/03,國立高級中等學校教學與訓輔輔助,大額通報教補1月5日-112年校務基金學校經常門經費-1,國立北港高級農工職業學校,"22,400,000"
112/01/03,國立高級中等學校教學與訓輔輔助,大額通報教補1月5日-112年校務基金學校經常門經費-1,國立土庫高級商工職業學校,"22,128,000"
112/01/03,國立高級中等學校教學與訓輔輔助,大額通報教補1月5日-112年校務基金學校經常門經費-1,國立斗六高級家事商業職業學校,"21,325,000"
112/01/03,國立高級中等學校教學與訓輔輔助,大額通報教補1月5日-112年校務基金學校經常門經費-1,國立臺南大學附屬啟聰學校,"21,108,000"
112/01/03,國立高級中等學校教學與訓輔輔助,大額通報教補1月5日-112年校務基金學校經常門經費-1,國立和美實驗學校,"29,200,000"
112/01/03,國立高級中等學校教學與訓輔輔助,大額通報教補1月5日-112年校務基金學校經常門經費-1,國立彰化特殊教育學校,"28,422,000"
112/01/03,國立高級中等學校教學與訓輔輔助,大額通報教補1月5日-112年校務基金學校經常門經費-1,國立嘉義特教學校,"22,226,000"
112/01/03,國立高級中等學校教學與訓輔輔助,大額通報教補1月5日-112年校務基金學校經常門經費-1,國立臺南特殊教育學校,"23,283,000"
112/01/03,國立高級中等學校教學與訓輔輔助,大額通報教補1月5日-112年校務基金學校經常門經費-1,國立花蓮特殊教育學校,"13,000,000"
112/01/03,國立高級中等學校教學與訓輔輔助,大額通報教補1月5日-112年校務基金學校經常門經費-1,國立宜蘭特殊教育學校,"12,512,000"
112/01/03,國立高級中等學校教學與訓輔輔助,大額通報教補1月5日-112年校務基金學校經常門經費-1,國立基隆特殊教育學校,"11,000,000"
112/01/03,國立高級中等學校教學與訓輔輔助,大額通報教補1月5日-112年校務基金學校經常門經費-1,國立苗栗特殊教育學校,"10,030,000"
112/01/03,國立高級中等學校教學與訓輔輔助,大額通報教補1月5日-112年校務基金學校經常門經費-1,國立雲林特殊教育學校,"17,253,000"
112/01/03,國立高級中等學校教學與訓輔輔助,大額通報教補1月5日-112年校務基金學校經常門經費-1,國立屏東特殊教育學校,"10,095,000"
112/01/03,國立高級中等學校教學與訓輔輔助,大額通報教補1月5日-112年校務基金學校經常門經費-1,國立新竹特殊教育學校,"16,150,000"
112/01/03,國立高級中等學校教學與訓輔輔助,大額通報教補1月5日-112年校務基金學校經常門經費-1,國立臺東大學附屬特殊教育學校,"10,869,000"
112/01/03,國立高級中等學校教學與訓輔輔助,大額通報教補1月5日-112年校務基金學校經常門經費-1,國立南投特殊教育學校,"10,460,000"
112/01/03,國立高級中等學校教學與訓輔輔助,大額通報教補1月5日-112年校務基金學校經常門經費-1,國立高雄師範大學附屬高級中學,"25,861,000"
112/01/03,國立高級中等學校教學與訓輔輔助,大額通報教補1月5日-112年校務基金學校經常門經費-1,國立中山大學附屬國光高級中學,"23,000,000"
112/01/03,國立高級中等學校教學與訓輔輔助,大額通報教補1月5日-112年校務基金學校經常門經費-1,國立岡山高級中學,"26,740,000"
112/01/03,國立高級中等學校教學與訓輔輔助,大額通報教補1月5日-112年校務基金學校經常門經費-1,國立鳳山高級中學,"34,150,000"
112/01/03,國立高級中等學校教學與訓輔輔助,大額通報教補1月5日-112年校務基金學校經常門經費-1,國立鳳新高級中學,"36,614,000"
112/01/03,國立高級中等學校教學與訓輔輔助,大額通報教補1月5日-112年校務基金學校經常門經費-1,國立旗美高級中學,"18,826,000"
112/01/03,國立高級中等學校教學與訓輔輔助,大額通報教補1月5日-112年校務基金學校經常門經費-1,國立岡山高級農工職業學校,"38,900,000"
112/01/03,國立高級中等學校教學與訓輔輔助,大額通報教補1月5日-112年校務基金學校經常門經費-1,國立旗山高級農工職業學校,"29,500,000"
112/01/03,國立高級中等學校教學與訓輔輔助,大額通報教補1月5日-112年校務基金學校經常門經費-1,國立鳳山高級商工職業學校,"48,755,000"
112/01/03,國立高級中等學校教學與訓輔輔助,大額通報教補1月5日-112年校務基金學校經常門經費-1,國立高雄餐旅大學附屬餐旅高級中等學校,"10,653,000"
112/01/03,國立高級中等學校教學與訓輔輔助,大額通報教補1月5日-112年校務基金學校經常門經費-1,國立中興大學附屬高級中學,"34,297,000"
112/01/03,國立高級中等學校教學與訓輔輔助,大額通報教補1月5日-112年校務基金學校經常門經費-1,國立彰化高級中學,"44,907,000"
112/01/03,國立高級中等學校教學與訓輔輔助,大額通報教補1月5日-112年校務基金學校經常門經費-1,國立員林高級中學,"28,663,000"
112/01/03,國立高級中等學校教學與訓輔輔助,大額通報教補1月5日-112年校務基金學校經常門經費-1,國立鹿港高級中學,"28,172,000"
112/01/03,國立高級中等學校教學與訓輔輔助,大額通報教補1月5日-112年校務基金學校經常門經費-1,國立溪湖高級中學,"30,042,000"
112/01/03,國立高級中等學校教學與訓輔輔助,大額通報教補1月5日-112年校務基金學校經常門經費-1,國立屏東高級中學,"38,702,000"
112/01/03,國立高級中等學校教學與訓輔輔助,大額通報教補1月5日-112年校務基金學校經常門經費-1,國立屏北高級中學,"20,000,000"
112/01/03,國立高級中等學校教學與訓輔輔助,大額通報教補1月5日-112年校務基金學校經常門經費-1,國立潮州高級中學,"23,987,000"
112/01/03,國立高級中等學校教學與訓輔輔助,大額通報教補1月5日-112年校務基金學校經常門經費-1,國立彰化女子高級中學,"27,572,000"
112/01/03,國立高級中等學校教學與訓輔輔助,大額通報教補1月5日-112年校務基金學校經常門經費-1,國立屏東女子高級中學,"35,024,000"
112/01/03,國立高級中等學校教學與訓輔輔助,大額通報教補1月5日-112年校務基金學校經常門經費-1,國立員林崇實高級工業職業學校,"28,653,000"
112/01/03,國立高級中等學校教學與訓輔輔助,大額通報教補1月5日-112年校務基金學校經常門經費-1,國立永靖高級工業職業學校,"28,000,000"
112/01/03,國立高級中等學校教學與訓輔輔助,大額通報教補1月5日-112年校務基金學校經常門經費-1,國立秀水高級工業職業學校,"36,321,000"
112/01/03,國立高級中等學校教學與訓輔輔助,大額通報教補1月5日-112年校務基金學校經常門經費-1,國立彰化師範大學附屬高級工業職業學校,"47,101,000"
112/01/03,國立高級中等學校教學與訓輔輔助,大額通報教補1月5日-112年校務基金學校經常門經費-1,國立屏東高級工業職業學校,"47,600,000"
112/01/03,國立高級中等學校教學與訓輔輔助,大額通報教補1月5日-112年校務基金學校經常門經費-1,國立中興大學附屬台中高級農業職業學校,"48,522,000"
112/01/03,國立高級中等學校教學與訓輔輔助,大額通報教補1月5日-112年校務基金學校經常門經費-1,國立佳冬高級農業職業學校,"27,000,000"
112/01/03,國立高級中等學校教學與訓輔輔助,大額通報教補1月5日-112年校務基金學校經常門經費-1,國立彰化高級商業職業學校,"45,360,000"
112/01/03,國立高級中等學校教學與訓輔輔助,大額通報教補1月5日-112年校務基金學校經常門經費-1,國立員林高級農工職業學校,"34,669,000"
112/01/03,國立高級中等學校教學與訓輔輔助,大額通報教補1月5日-112年校務基金學校經常門經費-1,國立內埔高級農工職業學校,"25,656,000"
112/01/03,國立高級中等學校教學與訓輔輔助,大額通報教補1月5日-112年校務基金學校經常門經費-1,國立二林高級工商職業學校,"33,762,000"
112/01/03,國立高級中等學校教學與訓輔輔助,大額通報教補1月5日-112年校務基金學校經常門經費-1,國立恆春高級工商職業學校,"19,833,000"
112/01/03,國立高級中等學校教學與訓輔輔助,大額通報教補1月5日-112年校務基金學校經常門經費-1,國立員林高級家事商業職業學校,"27,748,000"
112/01/03,國立高級中等學校教學與訓輔輔助,大額通報教補1月5日-112年校務基金學校經常門經費-1,國立北斗高級家事商業職業學校,"27,871,000"
112/01/03,國立高級中等學校教學與訓輔輔助,大額通報教補1月5日-112年校務基金學校經常門經費-1,國立東港高級海事水產職業學校,"24,790,000"
112/01/03,國立高級中等學校教學與訓輔輔助,大額通報教補1月5日-112年校務基金學校經常門經費-1,國立基隆高級中學,"21,344,000"
112/01/03,國立高級中等學校教學與訓輔輔助,大額通報教補1月5日-112年校務基金學校經常門經費-1,國立臺灣師範大學附屬高級中學,"61,452,000"
112/01/03,國立高級中等學校教學與訓輔輔助,大額通報教補1月5日-112年校務基金學校經常門經費-1,國立政治大學附屬高級中學,"20,600,000"
112/01/03,國立高級中等學校教學與訓輔輔助,大額通報教補1月5日-112年校務基金學校經常門經費-1,國立華僑高級中學,"32,725,000"
112/01/03,國立高級中等學校教學與訓輔輔助,大額通報教補1月5日-112年校務基金學校經常門經費-1,國立中央大學附屬中壢高級中學,"38,355,000"
112/01/03,國立高級中等學校教學與訓輔輔助,大額通報教補1月5日-112年校務基金學校經常門經費-1,國立新竹高級中學,"34,304,000"
112/01/03,國立高級中等學校教學與訓輔輔助,大額通報教補1月5日-112年校務基金學校經常門經費-1,國立竹東高級中學,"26,530,000"
112/01/03,國立高級中等學校教學與訓輔輔助,大額通報教補1月5日-112年校務基金學校經常門經費-1,國立竹北高級中學,"38,000,000"
112/01/03,國立高級中等學校教學與訓輔輔助,大額通報教補1月5日-112年校務基金學校經常門經費-1,國立關西高級中學,"20,500,000"
112/01/03,國立高級中等學校教學與訓輔輔助,大額通報教補1月5日-112年校務基金學校經常門經費-1,國立苗栗高級中學,"24,931,000"
112/01/03,國立高級中等學校教學與訓輔輔助,大額通報教補1月5日-112年校務基金學校經常門經費-1,國立竹南高級中學,"25,329,000"
112/01/03,國立高級中等學校教學與訓輔輔助,大額通報教補1月5日-112年校務基金學校經常門經費-1,國立卓蘭高級中等學校,"28,500,000"
112/01/03,國立高級中等學校教學與訓輔輔助,大額通報教補1月5日-112年校務基金學校經常門經費-1,國立苑裡高級中學,"22,916,000"
112/01/03,國立高級中等學校教學與訓輔輔助,大額通報教補1月5日-112年校務基金學校經常門經費-1,國立基隆女子高級中學,"25,860,000"
112/01/03,國立高級中等學校教學與訓輔輔助,大額通報教補1月5日-112年校務基金學校經常門經費-1,國立新竹女子高級中學,"33,623,000"
112/01/03,國立高級中等學校教學與訓輔輔助,大額通報教補1月5日-112年校務基金學校經常門經費-1,國立新竹高級工業職業學校,"35,588,000"
112/01/03,國立高級中等學校教學與訓輔輔助,大額通報教補1月5日-112年校務基金學校經常門經費-1,國立新竹高級商業職業學校,"27,455,000"
112/01/03,國立高級中等學校教學與訓輔輔助,大額通報教補1月5日-112年校務基金學校經常門經費-1,國立苗栗高級商業職業學校,"21,574,000"
112/01/03,國立高級中等學校教學與訓輔輔助,大額通報教補1月5日-112年校務基金學校經常門經費-1,國立臺北科技大學附屬桃園農工高級中等學校,"53,585,000"
112/01/03,國立高級中等學校教學與訓輔輔助,大額通報教補1月5日-112年校務基金學校經常門經費-1,國立苗栗高級農工職業學校,"40,074,000"
112/01/03,國立高級中等學校教學與訓輔輔助,大額通報教補1月5日-112年校務基金學校經常門經費-1,國立大湖高級農工職業學校,"20,820,000"
112/01/03,國立高級中等學校教學與訓輔輔助,大額通報教補1月5日-112年校務基金學校經常門經費-1,國立基隆高級商工職業學校,"39,904,000"
112/01/03,國立高級中等學校教學與訓輔輔助,大額通報教補1月5日-112年校務基金學校經常門經費-1,國立臺灣海洋大學附屬基隆海事高級中等學校,"39,335,000"
112/01/03,國立高級中等學校教學與訓輔輔助,大額通報教補1月5日-111年校務基金學校經常門經費-1,國立新營高級中學,"28,459,000"
112/01/03,國立高級中等學校教學與訓輔輔助,大額通報教補1月5日-111年校務基金學校經常門經費-1,國立後壁高級中學,"23,545,000"
112/01/03,國立高級中等學校教學與訓輔輔助,大額通報教補1月5日-111年校務基金學校經常門經費-1,國立新化高級中學,"22,331,000"
112/01/03,國立高級中等學校教學與訓輔輔助,大額通報教補1月5日-111年校務基金學校經常門經費-1,國立新豐高級中學,"22,978,000"
112/01/03,國立高級中等學校教學與訓輔輔助,大額通報教補1月5日-111年校務基金學校經常門經費-1,國立北門高級中學,"18,500,000"
112/01/03,國立高級中等學校教學與訓輔輔助,大額通報教補1月5日-111年校務基金學校經常門經費-1,國立善化高級中學,"18,545,000"
112/01/03,國立高級中等學校教學與訓輔輔助,大額通報教補1月5日-111年校務基金學校經常門經費-1,國立臺南大學附屬高級中學,"31,355,000"
112/01/03,國立高級中等學校教學與訓輔輔助,大額通報教補1月5日-111年校務基金學校經常門經費-1,國立台南第一高級中學,"36,630,000"
112/01/03,國立高級中等學校教學與訓輔輔助,大額通報教補1月5日-111年校務基金學校經常門經費-1,國立台南第二高級中學,"31,766,000"
112/01/03,國立高級中等學校教學與訓輔輔助,大額通報教補1月5日-111年校務基金學校經常門經費-1,國立台南女子高級中學,"37,902,000"
112/01/03,國立高級中等學校教學與訓輔輔助,大額通報教補1月5日-111年校務基金學校經常門經費-1,國立台南家齊高級中學,"31,300,000"
112/01/03,國立高級中等學校教學與訓輔輔助,大額通報教補1月5日-111年校務基金學校經常門經費-1,國立台南高級工業職業學校,"55,715,000"
112/01/03,國立高級中等學校教學與訓輔輔助,大額通報教補1月5日-111年校務基金學校經常門經費-1,國立新營高級工業職業學校,"26,410,000"
112/01/03,國立高級中等學校教學與訓輔輔助,大額通報教補1月5日-111年校務基金學校經常門經費-1,國立新化高級工業職業學校,"27,901,000"
112/01/03,國立高級中等學校教學與訓輔輔助,大額通報教補1月5日-111年校務基金學校經常門經費-1,國立台南高級商業職業學校,"38,000,000"
112/01/03,國立高級中等學校教學與訓輔輔助,大額通報教補1月5日-111年校務基金學校經常門經費-1,國立曾文高級農工職業學校,"34,000,000"
112/01/03,國立高級中等學校教學與訓輔輔助,大額通報教補1月5日-111年校務基金學校經常門經費-1,國立北門高級農工職業學校,"36,710,000"
112/01/03,國立高級中等學校教學與訓輔輔助,大額通報教補1月5日-111年校務基金學校經常門經費-1,國立白河高級商工職業學校,"20,495,000"
112/01/03,國立高級中等學校教學與訓輔輔助,大額通報教補1月5日-111年校務基金學校經常門經費-1,國立玉井高級工商職業學校,"20,000,000"
112/01/03,國立高級中等學校教學與訓輔輔助,大額通報教補1月5日-111年校務基金學校經常門經費-1,國立曾文高級家事商業職業學校,"21,500,000"
112/01/03,國立高級中等學校教學與訓輔輔助,大額通報教補1月5日-111年校務基金學校經常門經費-1,國立台南高級海事水產職業學校,"22,666,000"
112/01/03,國立高級中等學校教學與訓輔輔助,大額通報教補1月5日-111年校務基金學校經常門經費-1,國立南投高級中學,"28,532,000"
112/01/03,國立高級中等學校教學與訓輔輔助,大額通報教補1月5日-111年校務基金學校經常門經費-1,國立暨南大學附屬高級中學,"22,528,000"
112/01/03,國立高級中等學校教學與訓輔輔助,大額通報教補1月5日-111年校務基金學校經常門經費-1,國立竹山高級中學,"23,666,000"
112/01/03,國立高級中等學校教學與訓輔輔助,大額通報教補1月5日-111年校務基金學校經常門經費-1,國立中興高級中學,"25,991,000"
112/01/03,國立高級中等學校教學與訓輔輔助,大額通報教補1月5日-111年校務基金學校經常門經費-1,國立埔里高級工業職業學校,"28,264,000"
112/01/03,國立高級中等學校教學與訓輔輔助,大額通報教補1月5日-111年校務基金學校經常門經費-1,國立仁愛高級農業職業學校,"14,000,000"
112/01/03,國立高級中等學校教學與訓輔輔助,大額通報教補1月5日-111年校務基金學校經常門經費-1,國立南投高級商業職業學校,"26,589,000"
112/01/03,國立高級中等學校教學與訓輔輔助,大額通報教補1月5日-111年校務基金學校經常門經費-1,國立草屯高級商工職業學校,"36,310,000"
112/01/03,國立高級中等學校教學與訓輔輔助,大額通報教補1月5日-111年校務基金學校經常門經費-1,國立水里高級商工職業學校,"23,802,000"
112/01/03,國立高級中等學校教學與訓輔輔助,大額通報教補1月5日-111年校務基金學校經常門經費-1,國立宜蘭高級中學,"28,617,000"
112/01/03,國立高級中等學校教學與訓輔輔助,大額通報教補1月5日-111年校務基金學校經常門經費-1,國立羅東高級中學,"32,415,000"
112/01/03,國立高級中等學校教學與訓輔輔助,大額通報教補1月5日-111年校務基金學校經常門經費-1,國立蘭陽女子高級中學,"23,691,000"
112/01/03,國立高級中等學校教學與訓輔輔助,大額通報教補1月5日-111年校務基金學校經常門經費-1,國立羅東高級工業職業學校,"33,335,000"
112/01/03,國立高級中等學校教學與訓輔輔助,大額通報教補1月5日-111年校務基金學校經常門經費-1,國立宜蘭高級商業職業學校,"33,016,000"
112/01/03,國立高級中等學校教學與訓輔輔助,大額通報教補1月5日-111年校務基金學校經常門經費-1,國立羅東高級商業職業學校,"28,200,000"
112/01/03,國立高級中等學校教學與訓輔輔助,大額通報教補1月5日-111年校務基金學校經常門經費-1,國立頭城高級家事商業職業學校,"27,344,000"
112/01/03,國立高級中等學校教學與訓輔輔助,大額通報教補1月5日-111年校務基金學校經常門經費-1,國立蘇澳高級海事水產職業學校,"29,086,000"
112/01/03,國立高級中等學校教學與訓輔輔助,大額通報教補1月5日-111年校務基金學校經常門經費-1,國立花蓮高級中學,"24,128,000"
112/01/03,國立高級中等學校教學與訓輔輔助,大額通報教補1月5日-111年校務基金學校經常門經費-1,國立玉里高級中學,"20,550,000"
112/01/03,國立高級中等學校教學與訓輔輔助,大額通報教補1月5日-111年校務基金學校經常門經費-1,國立花蓮女子高級中學,"21,998,000"
112/01/03,國立高級中等學校教學與訓輔輔助,大額通報教補1月5日-111年校務基金學校經常門經費-1,國立花蓮高級工業職業學校,"34,338,000"
112/01/03,國立高級中等學校教學與訓輔輔助,大額通報教補1月5日-111年校務基金學校經常門經費-1,國立花蓮高級農業職業學校,"29,000,000"
112/01/03,國立高級中等學校教學與訓輔輔助,大額通報教補1月5日-111年校務基金學校經常門經費-1,國立花蓮高級商業職業學校,"23,500,000"
112/01/03,國立高級中等學校教學與訓輔輔助,大額通報教補1月5日-111年校務基金學校經常門經費-1,國立光復高級商工職業學校,"13,500,000"
112/01/03,國立高級中等學校教學與訓輔輔助,大額通報教補1月5日-111年校務基金學校經常門經費-1,國立台東高級中學,"23,175,000"
112/01/03,國立高級中等學校教學與訓輔輔助,大額通報教補1月5日-111年校務基金學校經常門經費-1,國立臺東大學附屬體育高級中學,"16,000,000"
112/01/03,國立高級中等學校教學與訓輔輔助,大額通報教補1月5日-111年校務基金學校經常門經費-1,國立台東女子高級中學,"17,175,000"
112/01/03,國立高級中等學校教學與訓輔輔助,大額通報教補1月5日-111年校務基金學校經常門經費-1,國立台東高級商業職業學校,"25,000,000"
112/01/03,國立高級中等學校教學與訓輔輔助,大額通報教補1月5日-111年校務基金學校經常門經費-1,國立關山高級工商職業學校,"18,278,000"
112/01/03,國立高級中等學校教學與訓輔輔助,大額通報教補1月5日-111年校務基金學校經常門經費-1,國立成功商業水產職業學校,"12,000,000"
